family,k,precision,coverage,evaluable,lift
linear_coefficient,1,0.6941455533904826,0.6246585959463469,1.0,0.1268398728747002
linear_coefficient,2,0.7609969625246195,0.6005222254194098,1.0,0.1936912820088371
linear_coefficient,4,0.8537091851720213,0.5838616992842655,1.0,0.2864035046562389
linear_coefficient,8,0.9095987032047566,0.5781862063943295,1.0,0.3422930226889741
linear_local,1,0.7311559795079485,0.5861288887015553,0.9992481203007519,0.1638792174421372
linear_local,2,0.7664895965917742,0.5848839210364147,0.9978571428571429,0.19829908203968152
linear_local,4,0.8516249276161449,0.5756270248692291,0.9992857142857143,0.2838547321544613
linear_local,8,0.9050767291865327,0.575932920737643,1.0,0.3377710486707503
relu_gate,1,0.6398020577697424,0.5280627656831691,1.0,0.12326113280732873
relu_gate,2,0.6939276379657704,0.33183446577547315,1.0,0.1773867130033568
relu_gate,4,0.7637421840002483,0.16396419194041886,0.9764360142781194,0.24719650938088683
relu_gate,8,0.8418007145553279,0.0735720499084209,0.7953035049745576,0.32410080887550485
relu_gate,32,1.0,0.003715327068746825,0.16557194121667806,0.49316626471640845
tree,1,0.73319004436535,0.5742061754680531,1.0,0.18614680906111716
tree,2,0.8071834502103361,0.4234684464003907,0.9987012987012988,0.26000035476624334
tree,4,0.90045770453063,0.3125262772424531,0.9851149518818693,0.3528372317941522
tree,8,1.0,0.26423151823388263,0.9606705074374248,0.4510099069140536
