dataset,seed,model,H,accuracy,label_majority,model_majority,d,n,fit_seconds,warnings,iterations,converged
iris,0,tree,0.921910924369748,0.96,0.52,0.56,4,100,0.0009262561798095703,[],0,1
iris,0,linear,0.921910924369748,0.92,0.52,0.6,4,100,0.0017445087432861328,[],8,1
iris,0,relu,0.921910924369748,0.92,0.52,0.6,4,100,0.17888712882995605,[],781,1
iris,1,tree,0.8676360902255638,0.92,0.52,0.56,4,100,0.0019812583923339844,[],0,1
iris,1,linear,0.8676360902255638,0.92,0.52,0.56,4,100,0.003118276596069336,[],7,1
iris,1,relu,0.8676360902255638,1.0,0.52,0.52,4,100,0.36250829696655273,"[""Stochastic Optimizer: Maximum iterations (1500) reached and the optimization hasn't converged yet.""]",1500,0
iris,2,tree,0.9385454545454546,0.84,0.52,0.52,4,100,0.001047372817993164,[],0,1
iris,2,linear,0.9385454545454546,0.88,0.52,0.52,4,100,0.0015430450439453125,[],8,1
iris,2,relu,0.9385454545454546,0.84,0.52,0.52,4,100,0.19638442993164062,[],823,1
iris,3,tree,0.9216692307692307,0.84,0.56,0.52,4,100,0.0008184909820556641,[],0,1
iris,3,linear,0.9216692307692307,0.92,0.56,0.56,4,100,0.001615285873413086,[],8,1
iris,3,relu,0.9216692307692307,0.88,0.56,0.52,4,100,0.2560608386993408,[],1030,1
iris,4,tree,0.9632,0.96,0.52,0.56,4,100,0.0009615421295166016,[],0,1
iris,4,linear,0.9632,0.96,0.52,0.56,4,100,0.001991748809814453,[],8,1
iris,4,relu,0.9632,0.96,0.52,0.56,4,100,0.19488024711608887,[],780,1
wine,0,tree,0.9059375,0.9090909090909091,0.5151515151515151,0.5151515151515151,13,130,0.0007889270782470703,[],0,1
wine,0,linear,0.9059375,0.9090909090909091,0.5151515151515151,0.5151515151515151,13,130,0.003103494644165039,[],9,1
wine,0,relu,0.9059375,0.9090909090909091,0.5151515151515151,0.5151515151515151,13,130,0.12804102897644043,[],550,1
wine,1,tree,0.9366041666666667,0.9696969696969697,0.5454545454545454,0.5757575757575758,13,130,0.000888824462890625,[],0,1
wine,1,linear,0.9366041666666667,0.9696969696969697,0.5454545454545454,0.5151515151515151,13,130,0.002107381820678711,[],9,1
wine,1,relu,0.9366041666666667,0.9090909090909091,0.5454545454545454,0.5454545454545454,13,130,0.13595294952392578,[],553,1
wine,2,tree,0.9166964285714285,0.8787878787878788,0.5454545454545454,0.5757575757575758,13,130,0.0007073879241943359,[],0,1
wine,2,linear,0.9166964285714285,1.0,0.5454545454545454,0.5454545454545454,13,130,0.0012946128845214844,[],10,1
wine,2,relu,0.9166964285714285,0.9696969696969697,0.5454545454545454,0.5151515151515151,13,130,0.139695405960083,[],603,1
wine,3,tree,0.8906607142857141,0.9393939393939394,0.5151515151515151,0.5454545454545454,13,130,0.0007970333099365234,[],0,1
wine,3,linear,0.8906607142857141,1.0,0.5151515151515151,0.5151515151515151,13,130,0.0015423297882080078,[],10,1
wine,3,relu,0.8906607142857141,1.0,0.5151515151515151,0.5151515151515151,13,130,0.11304545402526855,[],488,1
wine,4,tree,0.930090909090909,0.8484848484848485,0.5151515151515151,0.6363636363636364,13,130,0.0019371509552001953,[],0,1
wine,4,linear,0.930090909090909,0.9696969696969697,0.5151515151515151,0.5151515151515151,13,130,0.005075931549072266,[],10,1
wine,4,relu,0.930090909090909,0.9696969696969697,0.5151515151515151,0.5151515151515151,13,130,0.11524581909179688,[],535,1
breast_cancer,0,tree,0.9452290399516574,0.8802816901408451,0.6197183098591549,0.6267605633802817,30,569,0.0016999244689941406,[],0,1
breast_cancer,0,linear,0.9452290399516574,0.9647887323943662,0.6197183098591549,0.6267605633802817,30,569,0.00189971923828125,[],16,1
breast_cancer,0,relu,0.9452290399516574,0.9436619718309859,0.6197183098591549,0.6338028169014085,30,569,0.2613377571105957,[],519,1
breast_cancer,1,tree,0.9267518410712412,0.9436619718309859,0.6197183098591549,0.6338028169014085,30,569,0.0022406578063964844,[],0,1
breast_cancer,1,linear,0.9267518410712412,0.9788732394366197,0.6197183098591549,0.6408450704225352,30,569,0.002074718475341797,[],19,1
breast_cancer,1,relu,0.9267518410712412,0.971830985915493,0.6197183098591549,0.6338028169014085,30,569,0.30661797523498535,[],599,1
breast_cancer,2,tree,0.9345387964148527,0.9154929577464789,0.6338028169014085,0.6197183098591549,30,569,0.0018696784973144531,[],0,1
breast_cancer,2,linear,0.9345387964148527,0.9577464788732394,0.6338028169014085,0.676056338028169,30,569,0.0017898082733154297,[],16,1
breast_cancer,2,relu,0.9345387964148527,0.9507042253521126,0.6338028169014085,0.6549295774647887,30,569,0.3188471794128418,[],491,1
breast_cancer,3,tree,0.9374081163016839,0.9154929577464789,0.6267605633802817,0.6408450704225352,30,569,0.0032625198364257812,[],0,1
breast_cancer,3,linear,0.9374081163016839,0.9577464788732394,0.6267605633802817,0.6549295774647887,30,569,0.003071308135986328,[],16,1
breast_cancer,3,relu,0.9374081163016839,0.9507042253521126,0.6267605633802817,0.647887323943662,30,569,0.2635464668273926,[],536,1
breast_cancer,4,tree,0.9111745576667369,0.8732394366197183,0.6267605633802817,0.6408450704225352,30,569,0.002414226531982422,[],0,1
breast_cancer,4,linear,0.9111745576667369,0.971830985915493,0.6267605633802817,0.6408450704225352,30,569,0.0023317337036132812,[],18,1
breast_cancer,4,relu,0.9111745576667369,0.9577464788732394,0.6267605633802817,0.6408450704225352,30,569,0.31625914573669434,[],535,1
digits-35,0,tree,0.9865934065934066,0.967032967032967,0.5274725274725275,0.5384615384615384,64,365,0.0016980171203613281,[],0,1
digits-35,0,linear,0.9865934065934066,1.0,0.5274725274725275,0.5274725274725275,64,365,0.0016927719116210938,[],13,1
digits-35,0,relu,0.9865934065934066,0.978021978021978,0.5274725274725275,0.5494505494505495,64,365,0.1090400218963623,[],401,1
digits-35,1,tree,0.9780599739243807,0.9120879120879121,0.5054945054945055,0.5714285714285714,64,365,0.0012459754943847656,[],0,1
digits-35,1,linear,0.9780599739243807,0.967032967032967,0.5054945054945055,0.5384615384615384,64,365,0.001967906951904297,[],12,1
digits-35,1,relu,0.9780599739243807,0.978021978021978,0.5054945054945055,0.5274725274725275,64,365,0.13106703758239746,[],400,1
digits-35,2,tree,0.9632510420613869,0.945054945054945,0.5274725274725275,0.5164835164835165,64,365,0.0015027523040771484,[],0,1
digits-35,2,linear,0.9632510420613869,1.0,0.5274725274725275,0.5274725274725275,64,365,0.0022995471954345703,[],14,1
digits-35,2,relu,0.9632510420613869,1.0,0.5274725274725275,0.5274725274725275,64,365,0.1668407917022705,[],436,1
digits-35,3,tree,0.9654082234900649,0.9560439560439561,0.5384615384615384,0.5164835164835165,64,365,0.0010271072387695312,[],0,1
digits-35,3,linear,0.9654082234900649,0.989010989010989,0.5384615384615384,0.5274725274725275,64,365,0.0015978813171386719,[],14,1
digits-35,3,relu,0.9654082234900649,0.978021978021978,0.5384615384615384,0.5164835164835165,64,365,0.13507747650146484,[],449,1
digits-35,4,tree,0.9714678178963894,0.989010989010989,0.5164835164835165,0.5054945054945055,64,365,0.0011050701141357422,[],0,1
digits-35,4,linear,0.9714678178963894,0.989010989010989,0.5164835164835165,0.5054945054945055,64,365,0.002133607864379883,[],12,1
digits-35,4,relu,0.9714678178963894,1.0,0.5164835164835165,0.5164835164835165,64,365,0.16207361221313477,[],379,1
synthetic_d8,0,tree,0.852568612753633,0.8,0.504,0.6,8,500,0.0009908676147460938,[],0,1
synthetic_d8,0,linear,0.852568612753633,0.856,0.504,0.504,8,500,0.0013675689697265625,[],9,1
synthetic_d8,0,relu,0.852568612753633,0.872,0.504,0.52,8,500,0.7951281070709229,"[""Stochastic Optimizer: Maximum iterations (1500) reached and the optimization hasn't converged yet.""]",1500,0
synthetic_d8,1,tree,0.8578822017425176,0.808,0.52,0.544,8,500,0.0010478496551513672,[],0,1
synthetic_d8,1,linear,0.8578822017425176,0.864,0.52,0.544,8,500,0.0015499591827392578,[],10,1
synthetic_d8,1,relu,0.8578822017425176,0.864,0.52,0.52,8,500,0.6992380619049072,"[""Stochastic Optimizer: Maximum iterations (1500) reached and the optimization hasn't converged yet.""]",1500,0
synthetic_d8,2,tree,0.8618003071659825,0.8,0.504,0.536,8,500,0.0012617111206054688,[],0,1
synthetic_d8,2,linear,0.8618003071659825,0.776,0.504,0.6,8,500,0.0017848014831542969,[],9,1
synthetic_d8,2,relu,0.8618003071659825,0.904,0.504,0.504,8,500,0.9227614402770996,"[""Stochastic Optimizer: Maximum iterations (1500) reached and the optimization hasn't converged yet.""]",1500,0
synthetic_d8,3,tree,0.8681408225108225,0.84,0.504,0.52,8,500,0.002069711685180664,[],0,1
synthetic_d8,3,linear,0.8681408225108225,0.88,0.504,0.544,8,500,0.0022029876708984375,[],10,1
synthetic_d8,3,relu,0.8681408225108225,0.936,0.504,0.52,8,500,1.1201953887939453,"[""Stochastic Optimizer: Maximum iterations (1500) reached and the optimization hasn't converged yet.""]",1500,0
synthetic_d8,4,tree,0.8632335603715169,0.848,0.504,0.512,8,500,0.001405477523803711,[],0,1
synthetic_d8,4,linear,0.8632335603715169,0.8,0.504,0.536,8,500,0.0017833709716796875,[],9,1
synthetic_d8,4,relu,0.8632335603715169,0.872,0.504,0.552,8,500,0.9977107048034668,"[""Stochastic Optimizer: Maximum iterations (1500) reached and the optimization hasn't converged yet.""]",1500,0
synthetic_d20,0,tree,0.7708208292613029,0.795,0.505,0.55,20,800,0.008514165878295898,[],0,1
synthetic_d20,0,linear,0.7708208292613029,0.85,0.505,0.525,20,800,0.003960371017456055,[],10,1
synthetic_d20,0,relu,0.7708208292613029,0.87,0.505,0.535,20,800,0.5451898574829102,[],804,1
synthetic_d20,1,tree,0.7653808632104617,0.695,0.52,0.555,20,800,0.00432896614074707,[],0,1
synthetic_d20,1,linear,0.7653808632104617,0.86,0.52,0.51,20,800,0.0024673938751220703,[],12,1
synthetic_d20,1,relu,0.7653808632104617,0.855,0.52,0.555,20,800,0.5445661544799805,[],859,1
synthetic_d20,2,tree,0.7560479664665232,0.77,0.505,0.515,20,800,0.003598451614379883,[],0,1
synthetic_d20,2,linear,0.7560479664665232,0.82,0.505,0.535,20,800,0.001689910888671875,[],10,1
synthetic_d20,2,relu,0.7560479664665232,0.9,0.505,0.545,20,800,0.40935373306274414,[],629,1
synthetic_d20,3,tree,0.7725953835311838,0.805,0.52,0.505,20,800,0.0035660266876220703,[],0,1
synthetic_d20,3,linear,0.7725953835311838,0.88,0.52,0.53,20,800,0.001976490020751953,[],10,1
synthetic_d20,3,relu,0.7725953835311838,0.905,0.52,0.525,20,800,0.4101111888885498,[],659,1
synthetic_d20,4,tree,0.7439429194770077,0.765,0.505,0.52,20,800,0.00469970703125,[],0,1
synthetic_d20,4,linear,0.7439429194770077,0.85,0.505,0.525,20,800,0.0027790069580078125,[],10,1
synthetic_d20,4,relu,0.7439429194770077,0.895,0.505,0.52,20,800,0.5999062061309814,[],918,1
synthetic_d50,0,tree,0.7852204613427629,0.664,0.5,0.532,50,1000,0.009539365768432617,[],0,1
synthetic_d50,0,linear,0.7852204613427629,0.82,0.5,0.536,50,1000,0.003054380416870117,[],12,1
synthetic_d50,0,relu,0.7852204613427629,0.856,0.5,0.516,50,1000,0.39548707008361816,[],429,1
synthetic_d50,1,tree,0.7701034155746822,0.728,0.532,0.5,50,1000,0.009838581085205078,[],0,1
synthetic_d50,1,linear,0.7701034155746822,0.856,0.532,0.556,50,1000,0.002873659133911133,[],13,1
synthetic_d50,1,relu,0.7701034155746822,0.904,0.532,0.5,50,1000,0.3648066520690918,[],433,1
synthetic_d50,2,tree,0.7518612821697033,0.74,0.512,0.5,50,1000,0.0073435306549072266,[],0,1
synthetic_d50,2,linear,0.7518612821697033,0.844,0.512,0.516,50,1000,0.0017452239990234375,[],12,1
synthetic_d50,2,relu,0.7518612821697033,0.916,0.512,0.508,50,1000,0.4699273109436035,[],396,1
synthetic_d50,3,tree,0.7752108373943235,0.676,0.504,0.508,50,1000,0.007546663284301758,[],0,1
synthetic_d50,3,linear,0.7752108373943235,0.824,0.504,0.512,50,1000,0.0021440982818603516,[],14,1
synthetic_d50,3,relu,0.7752108373943235,0.86,0.504,0.524,50,1000,0.34444117546081543,[],386,1
synthetic_d50,4,tree,0.7691053977162445,0.704,0.5,0.508,50,1000,0.0067021846771240234,[],0,1
synthetic_d50,4,linear,0.7691053977162445,0.84,0.5,0.54,50,1000,0.0031027793884277344,[],14,1
synthetic_d50,4,relu,0.7691053977162445,0.86,0.5,0.528,50,1000,0.466228723526001,[],438,1
synthetic_lowsep,0,tree,0.7348925452769426,0.66,0.505,0.595,10,800,0.0034177303314208984,[],0,1
synthetic_lowsep,0,linear,0.7348925452769426,0.665,0.505,0.5,10,800,0.0015499591827392578,[],7,1
synthetic_lowsep,0,relu,0.7348925452769426,0.86,0.505,0.505,10,800,0.750476598739624,[],1259,1
synthetic_lowsep,1,tree,0.748409597975407,0.685,0.505,0.51,10,800,0.002852916717529297,[],0,1
synthetic_lowsep,1,linear,0.748409597975407,0.69,0.505,0.545,10,800,0.002337217330932617,[],8,1
synthetic_lowsep,1,relu,0.748409597975407,0.895,0.505,0.52,10,800,0.6761517524719238,[],1250,1
synthetic_lowsep,2,tree,0.730341023960942,0.72,0.505,0.595,10,800,0.0028536319732666016,[],0,1
synthetic_lowsep,2,linear,0.730341023960942,0.645,0.505,0.52,10,800,0.0013756752014160156,[],8,1
synthetic_lowsep,2,relu,0.730341023960942,0.845,0.505,0.51,10,800,0.6602752208709717,[],1202,1
synthetic_lowsep,3,tree,0.7052886603202837,0.72,0.5,0.53,10,800,0.0029366016387939453,[],0,1
synthetic_lowsep,3,linear,0.7052886603202837,0.67,0.5,0.51,10,800,0.002849102020263672,[],6,1
synthetic_lowsep,3,relu,0.7052886603202837,0.845,0.5,0.525,10,800,0.6804826259613037,[],1272,1
synthetic_lowsep,4,tree,0.7085796626054357,0.67,0.505,0.545,10,800,0.002982616424560547,[],0,1
synthetic_lowsep,4,linear,0.7085796626054357,0.615,0.505,0.51,10,800,0.0030052661895751953,[],8,1
synthetic_lowsep,4,relu,0.7085796626054357,0.86,0.505,0.555,10,800,0.8307182788848877,"[""Stochastic Optimizer: Maximum iterations (1500) reached and the optimization hasn't converged yet.""]",1500,0
banknote,0,tree,0.9256700213691125,0.9912536443148688,0.5597667638483965,0.5626822157434402,4,1372,0.0021507740020751953,[],0,1
banknote,0,linear,0.9256700213691125,0.9766763848396501,0.5597667638483965,0.5422740524781341,4,1372,0.001588582992553711,[],11,1
banknote,0,relu,0.9256700213691125,1.0,0.5597667638483965,0.5597667638483965,4,1372,0.38873767852783203,[],416,1
banknote,1,tree,0.9308554389493574,0.9825072886297376,0.5626822157434402,0.5510204081632653,4,1372,0.0017597675323486328,[],0,1
banknote,1,linear,0.9308554389493574,0.9737609329446064,0.5626822157434402,0.5364431486880467,4,1372,0.003384113311767578,[],11,1
banknote,1,relu,0.9308554389493574,1.0,0.5626822157434402,0.5626822157434402,4,1372,0.42333054542541504,[],417,1
banknote,2,tree,0.9275203802707845,0.9766763848396501,0.5597667638483965,0.577259475218659,4,1372,0.0013115406036376953,[],0,1
banknote,2,linear,0.9275203802707845,0.9766763848396501,0.5597667638483965,0.5364431486880467,4,1372,0.0017206668853759766,[],10,1
banknote,2,relu,0.9275203802707845,1.0,0.5597667638483965,0.5597667638483965,4,1372,0.3990156650543213,[],411,1
banknote,3,tree,0.9400673928626926,0.9708454810495627,0.5568513119533528,0.5510204081632653,4,1372,0.0013129711151123047,[],0,1
banknote,3,linear,0.9400673928626926,0.9854227405247813,0.5568513119533528,0.5422740524781341,4,1372,0.0017244815826416016,[],9,1
banknote,3,relu,0.9400673928626926,1.0,0.5568513119533528,0.5568513119533528,4,1372,0.45359277725219727,[],441,1
banknote,4,tree,0.9278751397890787,0.9854227405247813,0.5597667638483965,0.5568513119533528,4,1372,0.0012669563293457031,[],0,1
banknote,4,linear,0.9278751397890787,0.9766763848396501,0.5597667638483965,0.5364431486880467,4,1372,0.001672983169555664,[],11,1
banknote,4,relu,0.9278751397890787,1.0,0.5597667638483965,0.5597667638483965,4,1372,0.39084291458129883,[],417,1
blood,0,tree,0.6997710325514755,0.6951871657754011,0.7647058823529411,0.7379679144385026,4,748,0.0017609596252441406,[],0,1
blood,0,linear,0.6997710325514755,0.7700534759358288,0.7647058823529411,0.9411764705882353,4,748,0.0032558441162109375,[],9,1
blood,0,relu,0.6997710325514755,0.7967914438502673,0.7647058823529411,0.8181818181818182,4,748,0.8794004917144775,"[""Stochastic Optimizer: Maximum iterations (1500) reached and the optimization hasn't converged yet.""]",1500,0
blood,1,tree,0.7252614172744605,0.7112299465240641,0.7540106951871658,0.7219251336898396,4,748,0.0016887187957763672,[],0,1
blood,1,linear,0.7252614172744605,0.7807486631016043,0.7540106951871658,0.9625668449197861,4,748,0.001631021499633789,[],9,1
blood,1,relu,0.7252614172744605,0.7058823529411765,0.7540106951871658,0.7700534759358288,4,748,0.7942948341369629,"[""Stochastic Optimizer: Maximum iterations (1500) reached and the optimization hasn't converged yet.""]",1500,0
blood,2,tree,0.7107000546264379,0.6844919786096256,0.7807486631016043,0.786096256684492,4,748,0.001697540283203125,[],0,1
blood,2,linear,0.7107000546264379,0.7967914438502673,0.7807486631016043,0.983957219251337,4,748,0.002875089645385742,[],7,1
blood,2,relu,0.7107000546264379,0.8128342245989305,0.7807486631016043,0.8716577540106952,4,748,0.8120718002319336,"[""Stochastic Optimizer: Maximum iterations (1500) reached and the optimization hasn't converged yet.""]",1500,0
blood,3,tree,0.6932008824335409,0.6737967914438503,0.7540106951871658,0.8556149732620321,4,748,0.0008423328399658203,[],0,1
blood,3,linear,0.6932008824335409,0.7754010695187166,0.7540106951871658,0.9679144385026738,4,748,0.0013747215270996094,[],8,1
blood,3,relu,0.6932008824335409,0.7967914438502673,0.7540106951871658,0.839572192513369,4,748,0.8596351146697998,"[""Stochastic Optimizer: Maximum iterations (1500) reached and the optimization hasn't converged yet.""]",1500,0
blood,4,tree,0.7219498422961678,0.679144385026738,0.7700534759358288,0.7379679144385026,4,748,0.0009133815765380859,[],0,1
blood,4,linear,0.7219498422961678,0.786096256684492,0.7700534759358288,0.9518716577540107,4,748,0.002609729766845703,[],8,1
blood,4,relu,0.7219498422961678,0.8074866310160428,0.7700534759358288,0.8663101604278075,4,748,0.7524759769439697,"[""Stochastic Optimizer: Maximum iterations (1500) reached and the optimization hasn't converged yet.""]",1500,0
diabetes,0,tree,0.6686657099150682,0.671875,0.640625,0.6979166666666666,8,768,0.00128173828125,[],0,1
diabetes,0,linear,0.6686657099150682,0.796875,0.640625,0.6979166666666666,8,768,0.0014607906341552734,[],9,1
diabetes,0,relu,0.6686657099150682,0.6822916666666666,0.640625,0.5833333333333334,8,768,0.7602601051330566,"[""Stochastic Optimizer: Maximum iterations (1500) reached and the optimization hasn't converged yet.""]",1500,0
diabetes,1,tree,0.6621208868046325,0.6979166666666666,0.65625,0.7291666666666666,8,768,0.0016524791717529297,[],0,1
diabetes,1,linear,0.6621208868046325,0.7864583333333334,0.65625,0.765625,8,768,0.0012395381927490234,[],8,1
diabetes,1,relu,0.6621208868046325,0.71875,0.65625,0.65625,8,768,0.8338513374328613,"[""Stochastic Optimizer: Maximum iterations (1500) reached and the optimization hasn't converged yet.""]",1500,0
diabetes,2,tree,0.6697278213734434,0.796875,0.6666666666666666,0.7135416666666666,8,768,0.001318216323852539,[],0,1
diabetes,2,linear,0.6697278213734434,0.765625,0.6666666666666666,0.7760416666666666,8,768,0.0014770030975341797,[],9,1
diabetes,2,relu,0.6697278213734434,0.703125,0.6666666666666666,0.7552083333333334,8,768,0.8289089202880859,"[""Stochastic Optimizer: Maximum iterations (1500) reached and the optimization hasn't converged yet.""]",1500,0
diabetes,3,tree,0.6640694869245536,0.6875,0.6510416666666666,0.7447916666666666,8,768,0.0013723373413085938,[],0,1
diabetes,3,linear,0.6640694869245536,0.7552083333333334,0.6510416666666666,0.7291666666666666,8,768,0.0019559860229492188,[],9,1
diabetes,3,relu,0.6640694869245536,0.71875,0.6510416666666666,0.703125,8,768,0.840095043182373,"[""Stochastic Optimizer: Maximum iterations (1500) reached and the optimization hasn't converged yet.""]",1500,0
diabetes,4,tree,0.6472194658974704,0.75,0.65625,0.6770833333333334,8,768,0.0025968551635742188,[],0,1
diabetes,4,linear,0.6472194658974704,0.8125,0.65625,0.75,8,768,0.003448486328125,[],9,1
diabetes,4,relu,0.6472194658974704,0.7760416666666666,0.65625,0.6510416666666666,8,768,1.0020427703857422,"[""Stochastic Optimizer: Maximum iterations (1500) reached and the optimization hasn't converged yet.""]",1500,0
ionosphere,0,tree,0.8207109589917472,0.8068181818181818,0.6590909090909091,0.625,34,351,0.0014958381652832031,[],0,1
ionosphere,0,linear,0.8207109589917472,0.8522727272727273,0.6590909090909091,0.6704545454545454,34,351,0.0020520687103271484,[],22,1
ionosphere,0,relu,0.8207109589917472,0.8522727272727273,0.6590909090909091,0.6931818181818182,34,351,0.22881293296813965,[],822,1
ionosphere,1,tree,0.8288192463020048,0.8522727272727273,0.6363636363636364,0.5568181818181818,34,351,0.0019373893737792969,[],0,1
ionosphere,1,linear,0.8288192463020048,0.8409090909090909,0.6363636363636364,0.7727272727272727,34,351,0.003369569778442383,[],21,1
ionosphere,1,relu,0.8288192463020048,0.875,0.6363636363636364,0.7386363636363636,34,351,0.29910802841186523,[],905,1
ionosphere,2,tree,0.8347160399829343,0.8977272727272727,0.6477272727272727,0.6590909090909091,34,351,0.0013384819030761719,[],0,1
ionosphere,2,linear,0.8347160399829343,0.8522727272727273,0.6477272727272727,0.75,34,351,0.0022296905517578125,[],20,1
ionosphere,2,relu,0.8347160399829343,0.8977272727272727,0.6477272727272727,0.75,34,351,0.1792736053466797,[],654,1
ionosphere,3,tree,0.8407854969574036,0.8522727272727273,0.6363636363636364,0.7840909090909091,34,351,0.0017614364624023438,[],0,1
ionosphere,3,linear,0.8407854969574036,0.8295454545454546,0.6363636363636364,0.7386363636363636,34,351,0.001994609832763672,[],20,1
ionosphere,3,relu,0.8407854969574036,0.8409090909090909,0.6363636363636364,0.7272727272727273,34,351,0.30059242248535156,[],900,1
ionosphere,4,tree,0.842118589454806,0.875,0.625,0.6590909090909091,34,351,0.0026426315307617188,[],0,1
ionosphere,4,linear,0.842118589454806,0.875,0.625,0.7272727272727273,34,351,0.002007722854614258,[],22,1
ionosphere,4,relu,0.842118589454806,0.9204545454545454,0.625,0.6818181818181818,34,351,0.20780038833618164,[],744,1
sonar,0,tree,0.7087285603032032,0.8076923076923077,0.5384615384615384,0.6538461538461539,60,208,0.00183868408203125,[],0,1
sonar,0,linear,0.7087285603032032,0.7307692307692307,0.5384615384615384,0.6923076923076923,60,208,0.002377748489379883,[],24,1
sonar,0,relu,0.7087285603032032,0.8269230769230769,0.5384615384615384,0.6346153846153846,60,208,0.21014165878295898,[],542,1
sonar,1,tree,0.7030375063873275,0.8269230769230769,0.5192307692307693,0.5384615384615384,60,208,0.0013561248779296875,[],0,1
sonar,1,linear,0.7030375063873275,0.7884615384615384,0.5192307692307693,0.5384615384615384,60,208,0.002265453338623047,[],28,1
sonar,1,relu,0.7030375063873275,0.8653846153846154,0.5192307692307693,0.5769230769230769,60,208,0.12871408462524414,[],471,1
sonar,2,tree,0.7532402666954914,0.6153846153846154,0.5576923076923077,0.5576923076923077,60,208,0.0027496814727783203,[],0,1
sonar,2,linear,0.7532402666954914,0.7884615384615384,0.5576923076923077,0.5384615384615384,60,208,0.0046617984771728516,[],27,1
sonar,2,relu,0.7532402666954914,0.8076923076923077,0.5576923076923077,0.5961538461538461,60,208,0.11876773834228516,[],461,1
sonar,3,tree,0.6939569392737505,0.7692307692307693,0.5192307692307693,0.6346153846153846,60,208,0.002404928207397461,[],0,1
sonar,3,linear,0.6939569392737505,0.8461538461538461,0.5192307692307693,0.5192307692307693,60,208,0.00484919548034668,[],26,1
sonar,3,relu,0.6939569392737505,0.8461538461538461,0.5192307692307693,0.5192307692307693,60,208,0.14284157752990723,[],518,1
sonar,4,tree,0.767207314402511,0.6153846153846154,0.5384615384615384,0.6153846153846154,60,208,0.0015056133270263672,[],0,1
sonar,4,linear,0.767207314402511,0.6538461538461539,0.5384615384615384,0.6923076923076923,60,208,0.0022411346435546875,[],25,1
sonar,4,relu,0.767207314402511,0.6923076923076923,0.5384615384615384,0.7307692307692307,60,208,0.14472293853759766,[],515,1
internet-ads,0,tree,0.9492218355879671,0.9658536585365853,0.8585365853658536,0.8731707317073171,1558,3279,0.06686019897460938,[],0,1
internet-ads,0,linear,0.9492218355879671,0.9682926829268292,0.8585365853658536,0.8658536585365854,1558,3279,0.04729127883911133,[],52,1
internet-ads,1,tree,0.9402575732153753,0.9719512195121951,0.8560975609756097,0.8719512195121951,1558,3279,0.08476567268371582,[],0,1
internet-ads,1,linear,0.9402575732153753,0.9658536585365853,0.8560975609756097,0.8634146341463415,1558,3279,0.05409407615661621,[],68,1
internet-ads,2,tree,0.9460924425741104,0.9646341463414634,0.8609756097560975,0.8792682926829268,1558,3279,0.06310749053955078,[],0,1
internet-ads,2,linear,0.9460924425741104,0.9719512195121951,0.8609756097560975,0.8768292682926829,1558,3279,0.052449941635131836,[],65,1
internet-ads,3,tree,0.9475096433193242,0.9585365853658536,0.8621951219512195,0.8817073170731707,1558,3279,0.07637572288513184,[],0,1
internet-ads,3,linear,0.9475096433193242,0.9621951219512195,0.8621951219512195,0.875609756097561,1558,3279,0.05036664009094238,[],53,1
internet-ads,4,tree,0.951163767512281,0.9573170731707317,0.8573170731707317,0.8682926829268293,1558,3279,0.07741713523864746,[],0,1
internet-ads,4,linear,0.951163767512281,0.9524390243902439,0.8573170731707317,0.8731707317073171,1558,3279,0.059014320373535156,[],59,1
