dataset,model,H,accuracy,label_majority,model_majority,d,n,converged
banknote,linear,0.9303976746482052,0.9778425655976676,0.5597667638483965,0.5387755102040817,4.0,1372.0,1.0
banknote,relu,0.9303976746482052,1.0,0.5597667638483965,0.5597667638483965,4.0,1372.0,1.0
banknote,tree,0.9303976746482052,0.98134110787172,0.5597667638483965,0.5597667638483965,4.0,1372.0,1.0
blood,linear,0.7101766458364166,0.7818181818181819,0.7647058823529411,0.9614973262032086,4.0,748.0,1.0
blood,relu,0.7101766458364166,0.7839572192513369,0.7647058823529411,0.8331550802139038,4.0,748.0,0.0
blood,tree,0.7101766458364166,0.6887700534759358,0.7647058823529411,0.7679144385026737,4.0,748.0,1.0
breast_cancer,linear,0.9310204702812344,0.9661971830985916,0.6253521126760564,0.647887323943662,30.0,569.0,1.0
breast_cancer,relu,0.9310204702812344,0.9549295774647888,0.6253521126760564,0.6422535211267606,30.0,569.0,1.0
breast_cancer,tree,0.9310204702812344,0.9056338028169014,0.6253521126760564,0.6323943661971831,30.0,569.0,1.0
diabetes,linear,0.6623606741830337,0.7833333333333334,0.6541666666666666,0.74375,8.0,768.0,1.0
diabetes,relu,0.6623606741830337,0.7197916666666666,0.6541666666666666,0.6697916666666667,8.0,768.0,0.0
diabetes,tree,0.6623606741830337,0.7208333333333333,0.6541666666666666,0.7125,8.0,768.0,1.0
digits-35,linear,0.9729560927931257,0.989010989010989,0.5230769230769231,0.5252747252747253,64.0,365.0,1.0
digits-35,relu,0.9729560927931257,0.9868131868131869,0.5230769230769231,0.5274725274725276,64.0,365.0,1.0
digits-35,tree,0.9729560927931257,0.9538461538461538,0.5230769230769231,0.5296703296703297,64.0,365.0,1.0
internet-ads,linear,0.9468490524418115,0.9641463414634146,0.8590243902439024,0.8709756097560974,1558.0,3279.0,1.0
internet-ads,tree,0.9468490524418115,0.9636585365853658,0.8590243902439024,0.8748780487804877,1558.0,3279.0,1.0
ionosphere,linear,0.8334300663377793,0.85,0.6409090909090909,0.7318181818181818,34.0,351.0,1.0
ionosphere,relu,0.8334300663377793,0.8772727272727273,0.6409090909090909,0.7181818181818181,34.0,351.0,1.0
ionosphere,tree,0.8334300663377793,0.8568181818181818,0.6409090909090909,0.6568181818181819,34.0,351.0,1.0
iris,linear,0.9225923399819994,0.9199999999999999,0.528,0.56,4.0,100.0,1.0
iris,relu,0.9225923399819994,0.9199999999999999,0.528,0.544,4.0,100.0,0.8
iris,tree,0.9225923399819994,0.9039999999999999,0.528,0.544,4.0,100.0,1.0
sonar,linear,0.7252341174124567,0.7615384615384615,0.5346153846153847,0.5961538461538461,60.0,208.0,1.0
sonar,relu,0.7252341174124567,0.8076923076923077,0.5346153846153847,0.6115384615384615,60.0,208.0,1.0
sonar,tree,0.7252341174124567,0.7269230769230769,0.5346153846153847,0.6,60.0,208.0,1.0
synthetic_d20,linear,0.7617575923892959,0.852,0.511,0.525,20.0,800.0,1.0
synthetic_d20,relu,0.7617575923892959,0.885,0.511,0.536,20.0,800.0,1.0
synthetic_d20,tree,0.7617575923892959,0.766,0.511,0.529,20.0,800.0,1.0
synthetic_d50,linear,0.7703002788395433,0.8368,0.5096,0.532,50.0,1000.0,1.0
synthetic_d50,relu,0.7703002788395433,0.8792,0.5096,0.5152,50.0,1000.0,1.0
synthetic_d50,tree,0.7703002788395433,0.7024,0.5096,0.5096,50.0,1000.0,1.0
synthetic_d8,linear,0.8607251009088944,0.8352,0.5072,0.5456000000000001,8.0,500.0,1.0
synthetic_d8,relu,0.8607251009088944,0.8896000000000001,0.5072,0.5232,8.0,500.0,0.0
synthetic_d8,tree,0.8607251009088944,0.8192,0.5072,0.5424,8.0,500.0,1.0
synthetic_lowsep,linear,0.7255022980278022,0.657,0.504,0.517,10.0,800.0,1.0
synthetic_lowsep,relu,0.7255022980278022,0.861,0.504,0.523,10.0,800.0,0.8
synthetic_lowsep,tree,0.7255022980278022,0.6910000000000001,0.504,0.5549999999999999,10.0,800.0,1.0
wine,linear,0.9159979437229436,0.9696969696969697,0.5272727272727272,0.5212121212121212,13.0,130.0,1.0
wine,relu,0.9159979437229436,0.9515151515151515,0.5272727272727272,0.5212121212121212,13.0,130.0,1.0
wine,tree,0.9159979437229436,0.9090909090909092,0.5272727272727272,0.5696969696969697,13.0,130.0,1.0
