dataset,H,k,faithfulness,n_points
iris,0.9265857142857143,1,0.8796082508277632,700
iris,0.9265857142857143,2,0.9604526701368806,525
iris,0.9265857142857143,3,1.0,192
wine,0.9431372549019608,1,0.9154475563218042,910
wine,0.9431372549019608,2,1.0,758
breast_cancer,0.9156653013684618,1,0.8795661879078863,1050
breast_cancer,0.9156653013684618,2,0.9340022494963133,1050
breast_cancer,0.9156653013684618,3,0.9592292491506239,802
breast_cancer,0.9156653013684618,4,0.9818822500534663,581
breast_cancer,0.9156653013684618,5,0.9905625859204212,410
breast_cancer,0.9156653013684618,6,0.987488069926766,249
breast_cancer,0.9156653013684618,7,1.0,46
digits-35,0.978834382327533,1,0.9172471947398351,1050
digits-35,0.978834382327533,2,0.9686640908612251,1047
digits-35,0.978834382327533,3,0.9846237194641451,450
digits-35,0.978834382327533,4,0.9810606060606062,88
synthetic_d8,0.8767463617253752,1,0.6638295358669898,1050
synthetic_d8,0.8767463617253752,2,0.7788467785060111,1050
synthetic_d8,0.8767463617253752,3,0.859653441867508,855
synthetic_d8,0.8767463617253752,4,0.9173678419351181,601
synthetic_d8,0.8767463617253752,5,0.9503094350368806,400
synthetic_d8,0.8767463617253752,6,0.9583148166889996,108
synthetic_d8,0.8767463617253752,7,0.9966555183946487,26
synthetic_d8,0.8767463617253752,8,1.0,4
synthetic_d20,0.7768633769819402,1,0.6369247619612866,1050
synthetic_d20,0.7768633769819402,2,0.7781085411290154,1050
synthetic_d20,0.7768633769819402,3,0.8624195106767856,895
synthetic_d20,0.7768633769819402,4,0.8813250299940806,737
synthetic_d20,0.7768633769819402,5,0.9197547397378322,527
synthetic_d20,0.7768633769819402,6,0.9463546663559183,349
synthetic_d20,0.7768633769819402,7,0.9758222586443158,212
synthetic_d20,0.7768633769819402,8,1.0,52
synthetic_d50,0.7698020783748595,1,0.5693546487544244,1050
synthetic_d50,0.7698020783748595,2,0.6996180530748973,1050
synthetic_d50,0.7698020783748595,3,0.773754315029499,900
synthetic_d50,0.7698020783748595,4,0.8336685069013293,740
synthetic_d50,0.7698020783748595,5,0.9036343233360326,571
synthetic_d50,0.7698020783748595,6,0.9560454397424447,364
synthetic_d50,0.7698020783748595,7,0.9779454955053327,182
synthetic_d50,0.7698020783748595,8,1.0,68
synthetic_lowsep,0.7553008980727853,1,0.6444336055798651,1050
synthetic_lowsep,0.7553008980727853,2,0.7238912561039935,1050
synthetic_lowsep,0.7553008980727853,3,0.7393689906681634,887
synthetic_lowsep,0.7553008980727853,4,0.7504457171518428,722
synthetic_lowsep,0.7553008980727853,5,0.7797618703018836,531
synthetic_lowsep,0.7553008980727853,6,0.858321874467416,365
synthetic_lowsep,0.7553008980727853,7,0.9165082592304196,210
synthetic_lowsep,0.7553008980727853,8,1.0,86
banknote,0.9326320571282072,1,0.7636860139177857,1050
banknote,0.9326320571282072,2,0.8820068527871607,1050
banknote,0.9326320571282072,3,0.9174344272668026,896
banknote,0.9326320571282072,4,0.9440975609129246,656
banknote,0.9326320571282072,5,0.9698044121141912,310
banknote,0.9326320571282072,6,0.9765967485076569,93
banknote,0.9326320571282072,7,1.0,23
banknote,0.9326320571282072,8,1.0,5
blood,0.7312747747344295,1,0.7957668533221106,1050
blood,0.7312747747344295,2,0.863322057321308,1050
blood,0.7312747747344295,3,0.8941158287539471,900
blood,0.7312747747344295,4,0.9077024878932263,719
blood,0.7312747747344295,5,0.9176947146910994,525
blood,0.7312747747344295,6,0.9323112821804751,327
blood,0.7312747747344295,7,0.9575283253358334,154
blood,0.7312747747344295,8,1.0,56
diabetes,0.6673784284093217,1,0.7467091359376303,1050
diabetes,0.6673784284093217,2,0.8112824314089527,1050
diabetes,0.6673784284093217,3,0.826136363788873,900
diabetes,0.6673784284093217,4,0.8481062089250505,744
diabetes,0.6673784284093217,5,0.8765842186830719,544
diabetes,0.6673784284093217,6,0.8737857416996323,338
diabetes,0.6673784284093217,7,0.9318322526345529,160
diabetes,0.6673784284093217,8,1.0,58
ionosphere,0.8501105667456785,1,0.7372030998209997,1050
ionosphere,0.8501105667456785,2,0.8880545157417711,1009
ionosphere,0.8501105667456785,3,0.918411628496634,714
ionosphere,0.8501105667456785,4,0.9428033547103007,573
ionosphere,0.8501105667456785,5,0.9678092381886778,405
ionosphere,0.8501105667456785,6,0.9763388203929123,281
ionosphere,0.8501105667456785,7,0.9819943139029566,116
ionosphere,0.8501105667456785,8,1.0,46
sonar,0.7488678832061184,1,0.6692130512218571,1050
sonar,0.7488678832061184,2,0.766356005455601,1050
sonar,0.7488678832061184,3,0.8398856546515981,838
sonar,0.7488678832061184,4,0.89274845366412,584
sonar,0.7488678832061184,5,0.9481103911028066,229
sonar,0.7488678832061184,6,1.0,70
internet-ads,0.9527475161061936,1,0.8846891031805029,1050
internet-ads,0.9527475161061936,2,0.9479223983136356,1050
internet-ads,0.9527475161061936,3,0.970270392149543,895
internet-ads,0.9527475161061936,4,0.985277254195712,745
internet-ads,0.9527475161061936,5,0.9910173682604116,587
internet-ads,0.9527475161061936,6,0.9900184085702329,423
internet-ads,0.9527475161061936,7,0.9975696673120356,278
internet-ads,0.9527475161061936,8,1.0,136
