n,x,y,pearson,p_pearson,ci_lo,ci_hi,spearman,p_spearman,s_lo,s_hi,arch
15,H,faith_k1,0.5717700656266154,0.025953795860134583,0.024430995504715024,0.8693867758310218,0.4964285714285714,0.05979741374992394,-0.10707803992740472,0.8727272727272729,16x16
15,H,region_purity,0.23237092171404636,0.4046243125707357,-0.23908975246610656,0.6514355462803847,0.30357142857142855,0.27135583600386837,-0.3321167883211678,0.7500000000000001,16x16
15,region_purity,faith_k1,-0.01468525042950071,0.9585735455030412,-0.600353183917587,0.3973612800206749,0.06071428571428571,0.8298120954425187,-0.5027422303473493,0.5772058823529412,16x16
15,H,faith_k1,0.36992955427705815,0.1747261180487503,-0.14333694338299208,0.8504392795464119,0.3178571428571428,0.24829056581701822,-0.27797833935018057,0.7801801801801801,32x16
15,H,region_purity,0.14352190716599797,0.6098482411456767,-0.5055796481774597,0.5366002267232299,0.05898125679575892,0.8346072489884697,-0.5142556280260546,0.605287398252599,32x16
15,region_purity,faith_k1,-0.4644791136908944,0.08110748978372238,-0.8233515648007187,0.26275270849022464,-0.34316367590259733,0.2104892294857532,-0.8056069443922491,0.28336380255941507,32x16
15,H,faith_k1,0.3015229007250146,0.27476545260536783,-0.252729232569897,0.810814730691711,0.2714285714285714,0.3277893068411728,-0.29856115107913667,0.8102189781021897,128x64
15,H,region_purity,0.300720500542703,0.2761079585608907,-0.5590665036022732,0.6039554621709009,0.02323504055590503,0.9344938931245853,-0.5737704918032787,0.5217391304347827,128x64
15,region_purity,faith_k1,-0.5666698671127977,0.027624298679090994,-0.8694511928061435,0.3174064468493069,-0.3092047704747361,0.2621115819665189,-0.792727272727273,0.31876138433515483,128x64
15,H,faith_k1,0.4222044089904358,0.11695408078342606,-0.1350236241066253,0.8369628737971155,0.3571428571428571,0.19127476343157904,-0.25182481751824815,0.822141560798548,128x64x32
15,H,region_purity,0.3007205005513575,0.2761079585463892,-0.5590665036022732,0.6039554621707895,0.02323504055590503,0.9344938931245853,-0.5737704918032787,0.5217391304347827,128x64x32
15,region_purity,faith_k1,-0.45030091229146324,0.09211296370147028,-0.8464052587608779,0.27059024349816635,-0.36282409483451694,0.18380167588762567,-0.8485528614886475,0.28597449908925315,128x64x32
