dataset,seed,length_delta,coverage_delta
banknote,0,1.15,-0.0829446064139941
banknote,1,1.75,-0.13090379008746353
banknote,2,0.525,-0.05597667638483962
banknote,3,1.775,-0.17755102040816323
banknote,4,1.075,-0.13607871720116615
banknote,5,1.4,-0.07740524781341102
banknote,6,1.225,-0.06618075801749264
banknote,7,1.0,-0.07427113702623905
banknote,8,1.425,-0.13702623906705536
banknote,9,0.975,-0.09322157434402331
blood,0,1.175,-0.07593582887700533
blood,1,2.8,-0.26443850267379676
blood,2,1.15,-0.061096256684491944
blood,3,2.025,-0.13663101604278072
blood,4,1.2,-0.081951871657754
blood,5,1.275,-0.10307486631016041
blood,6,1.95,-0.11938502673796791
blood,7,3.05,-0.5501336898395722
blood,8,2.05,-0.22820855614973262
blood,9,1.425,-0.05454545454545452
breast_cancer,0,0.55,-0.0077464788732394246
breast_cancer,1,1.4,-0.05827464788732393
breast_cancer,2,0.85,-0.07482394366197181
breast_cancer,3,1.0,-0.04489436619718308
breast_cancer,4,1.525,-0.05457746478873239
breast_cancer,5,1.15,-0.038732394366197145
breast_cancer,6,0.7,-0.03767605633802813
breast_cancer,7,0.85,-0.02253521126760562
breast_cancer,8,0.9,-0.012676056338028152
breast_cancer,9,1.5,-0.04436619718309856
diabetes,0,0.775,-0.016145833333333283
diabetes,1,1.025,-0.03190104166666663
diabetes,2,1.475,-0.08854166666666664
diabetes,3,0.775,-0.03906249999999998
diabetes,4,1.675,-0.16940104166666664
diabetes,5,0.575,-0.0399739583333333
diabetes,6,0.6,-0.009895833333333328
diabetes,7,0.6,-0.058723958333333305
diabetes,8,0.175,-0.011328124999999977
diabetes,9,0.8,-0.0634114583333333
digits-35,0,0.0,3.049461268296071e-17
digits-35,1,0.0,4.199856836575428e-18
digits-35,2,0.10526315789473684,-0.024291497975708502
digits-35,3,0.0,2.6659960788696193e-17
digits-35,4,0.5789473684210527,-0.03123192596876807
digits-35,5,0.0,0.0
digits-35,6,0.3684210526315789,-0.01214574898785424
digits-35,7,0.0,2.6294755846385285e-17
digits-35,8,0.5263157894736842,-0.034702139965297855
digits-35,9,0.42105263157894735,-0.018507807981492184
internet-ads,0,0.15,-0.0002439024390243823
internet-ads,1,0.425,-0.017621951219512152
internet-ads,2,0.2,-0.0005487804878048768
internet-ads,3,0.0,7.32920668600201e-18
internet-ads,4,0.45,-0.02798780487804875
internet-ads,5,0.05,-0.023079268292682923
internet-ads,6,0.0,4.8138576458356395e-18
internet-ads,7,0.1,-0.00027439024390243553
internet-ads,8,0.425,-0.0051829268292682956
internet-ads,9,0.325,-0.0013109756097560898
ionosphere,0,0.5277777777777778,-0.04861111111111109
ionosphere,1,1.2222222222222223,-0.04419191919191918
ionosphere,2,0.0,1.0215593802974531e-17
ionosphere,3,2.0555555555555554,-0.13636363636363638
ionosphere,4,0.0,1.927470528863119e-17
ionosphere,5,0.8611111111111112,-0.016414141414141395
ionosphere,6,0.0,1.5805258336677575e-17
ionosphere,7,1.4444444444444444,-0.052714646464646464
ionosphere,8,1.7777777777777777,-0.09122474747474747
ionosphere,9,1.0,-0.007575757575757559
iris,0,0.6,-0.09600000000000002
iris,1,0.0,0.0
iris,2,0.0,0.0
iris,3,1.2,-0.20800000000000002
iris,4,0.0,0.0
iris,5,0.0,0.0
iris,6,0.4,-0.015999999999999993
iris,7,0.0,0.0
iris,8,1.2,-0.16799999999999998
iris,9,0.4,-0.016000000000000014
sonar,0,0.0,1.6085617686330394e-17
sonar,1,0.0,3.1855831104301366e-17
sonar,2,0.0,2.2078298785159362e-17
sonar,3,0.0,1.797804329648691e-17
sonar,4,0.0,4.5418214643756407e-17
sonar,5,0.5909090909090909,-0.006993006993006953
sonar,6,0.0,2.0816681711721685e-17
sonar,7,0.0,4.384119330195931e-17
sonar,8,0.0,5.2357108547663635e-17
sonar,9,0.0,2.6493958542191237e-17
synthetic_d20,0,0.425,-0.06187499999999999
synthetic_d20,1,0.825,-0.025500000000000005
synthetic_d20,2,0.65,-0.071125
synthetic_d20,3,0.525,-0.052000000000000005
synthetic_d20,4,0.275,-0.027125
synthetic_d20,5,0.175,-0.0036250000000000024
synthetic_d20,6,0.575,-0.050375
synthetic_d20,7,1.05,-0.08050000000000002
synthetic_d20,8,0.375,-0.056625
synthetic_d20,9,0.1,-0.0035000000000000005
synthetic_d50,0,0.2,-0.0085
synthetic_d50,1,0.5,-0.0318
synthetic_d50,2,0.675,-0.023399999999999997
synthetic_d50,3,0.1,-0.003999999999999999
synthetic_d50,4,0.05,-0.00040000000000000034
synthetic_d50,5,0.2,-0.0064
synthetic_d50,6,0.625,-0.024200000000000003
synthetic_d50,7,0.325,-0.0169
synthetic_d50,8,0.175,-0.015499999999999996
synthetic_d50,9,0.5,-0.017000000000000005
synthetic_d8,0,1.275,-0.042600000000000006
synthetic_d8,1,0.55,-0.006399999999999998
synthetic_d8,2,0.45,-0.0438
synthetic_d8,3,0.725,-0.02779999999999999
synthetic_d8,4,0.375,-0.010800000000000006
synthetic_d8,5,0.95,-0.0242
synthetic_d8,6,0.6,-0.0206
synthetic_d8,7,0.825,-0.05960000000000001
synthetic_d8,8,0.45,-0.024
synthetic_d8,9,0.675,-0.07039999999999999
synthetic_lowsep,0,0.075,-0.00037500000000000033
synthetic_lowsep,1,0.05,-0.002125
synthetic_lowsep,2,0.775,-0.09587500000000004
synthetic_lowsep,3,0.3,-0.010375
synthetic_lowsep,4,0.3,-0.011375000000000001
synthetic_lowsep,5,0.325,-0.012
synthetic_lowsep,6,0.925,-0.09025
synthetic_lowsep,7,0.675,-0.04225
synthetic_lowsep,8,0.1,-0.004124999999999999
synthetic_lowsep,9,0.65,-0.018249999999999995
wine,0,0.0,1.784287003861859e-17
wine,1,0.0,2.4781763942525817e-17
wine,2,0.0,0.0
wine,3,0.0,2.3790493384824782e-17
wine,4,0.0,0.0
wine,5,0.0,3.172065784643304e-17
wine,6,0.0,2.3790493384824782e-17
wine,7,0.0,0.0
wine,8,0.0,2.3790493384824782e-17
wine,9,0.0,5.551115123125783e-17
