dataset,seed,q,precision,gap,budget_pass,zero_leaf_support,structural_budget_miss
banknote,0,0.5055295352429378,0.8390354480189854,0.33350591277604785,0.02708333333333333,0.0,1.0
banknote,1,0.5013897731137053,0.7630387540874476,0.2616489809737424,0.0,0.0,1.0
banknote,2,0.5969659093531995,0.8659361244236313,0.26897021507043195,0.22916666666666666,0.05,1.0
banknote,3,0.5165624566027255,0.8089585345547627,0.29239607795203737,0.00625,0.0,1.0
banknote,4,0.41995882302813464,0.7483742998056753,0.3284154767775407,0.025,0.025,1.0
banknote,5,0.6358084175920881,0.8684920009627793,0.23268358337069123,0.05499999999999999,0.0,0.5714285714285714
banknote,6,0.49726357482513245,0.7850598773184246,0.2877963024932922,0.0,0.0,1.0
banknote,7,0.4767650778606912,0.7636500080253318,0.2868849301646406,0.0625,0.0,1.0
banknote,8,0.5219681187193603,0.7777931623272317,0.2558250436078714,0.08333333333333333,0.0,1.0
banknote,9,0.5609210373208217,0.8565047616126347,0.295583724291813,0.025,0.025,1.0
blood,0,0.46546231507549274,0.8273765270249143,0.36191421194942147,0.1125,0.025,0.875
blood,1,0.32471603466370613,0.7943059186018855,0.4695898839381793,0.029464285714285714,0.025,1.0
blood,2,0.48479873140355806,0.7838170456483637,0.29901831424480574,0.15023809523809523,0.025,0.5
blood,3,0.39201236816066976,0.8063998523622196,0.4143874842015499,0.041666666666666664,0.15,0.9722222222222222
blood,4,0.3287094977738217,0.7779319533127991,0.4492224555389773,0.030357142857142853,0.075,0.8947368421052632
blood,5,0.3426659225399201,0.7544207632151457,0.4117548406752256,0.050238095238095234,0.025,0.75
blood,6,0.3933802930806492,0.8214604203794446,0.42808012729879535,0.04690476190476191,0.025,0.9230769230769231
blood,7,0.382670693041917,0.8791685883597962,0.49649789531787925,0.04523809523809523,0.025,0.9772727272727273
blood,8,0.3263356368871416,0.8479902015485619,0.5216545646614204,0.03595238095238095,0.05,0.8
blood,9,0.46459211646995086,0.800743896882342,0.3361517804123911,0.05714285714285714,0.025,0.9318181818181818
breast_cancer,0,0.8144379844961239,0.8735525678294573,0.059114583333333345,0.525,0.0,
breast_cancer,1,0.7745021678118358,0.924975447375109,0.15047327956327314,0.13333333333333333,0.0,1.0
breast_cancer,2,0.7784242584213172,0.9232879138835022,0.14486365546218488,0.4175,0.0,1.0
breast_cancer,3,0.8972205101745703,0.9538250920921728,0.05660458191760268,0.6416666666666666,0.0,
breast_cancer,4,0.8478361170711135,0.9155026512409963,0.06766653416988272,0.275,0.0,1.0
breast_cancer,5,0.7955744060947263,0.8773879985641069,0.08181359246938065,0.25,0.0,0.0
breast_cancer,6,0.7637024810924837,0.8196086613295355,0.055906180237051795,0.4208333333333333,0.025,0.1111111111111111
breast_cancer,7,0.7799647956384465,0.8241999796005375,0.044235183962091064,0.45625,0.05,0.0
breast_cancer,8,0.8948138272107261,0.9580718631326048,0.06325803592187866,0.2875,0.0,
breast_cancer,9,0.7959463921843063,0.8884717125992481,0.09252532041494177,0.05500000000000001,0.0,1.0
diabetes,0,0.5502771687451653,0.7646462129695079,0.21436904422434253,0.1839285714285714,0.0,0.0
diabetes,1,0.41884308026703454,0.7526192109113955,0.33377613064436096,0.11904761904761904,0.1,0.5714285714285714
diabetes,2,0.49550341324619895,0.8342727070247544,0.3387692937785555,0.024404761904761905,0.05,1.0
diabetes,3,0.4693717167479642,0.8046827941729552,0.3353110774249909,0.1125,0.05,0.625
diabetes,4,0.43583618087719367,0.7753282478274468,0.339492066950253,0.13333333333333333,0.0,0.625
diabetes,5,0.42416138404011045,0.7564752745277709,0.3323138904876604,0.04880952380952381,0.0,1.0
diabetes,6,0.5218096289321466,0.7420725536041516,0.2202629246720051,0.17113095238095238,0.0,0.0
diabetes,7,0.37099067624003385,0.6721239499190681,0.30113327367903425,0.016666666666666666,0.05,1.0
diabetes,8,0.5310199292159314,0.8382681027641414,0.3072481735482101,0.16428571428571428,0.075,1.0
diabetes,9,0.38874581352005355,0.7085987927765227,0.31985297925646927,0.03720238095238095,0.05,0.9230769230769231
digits-35,0,0.8708232118758434,0.9072604588394062,0.03643724696356273,0.23684210526315788,0.0,
digits-35,1,0.8679084073820916,0.8906356801093643,0.022727272727272752,0.45454545454545453,0.0,
digits-35,2,0.9200346126437953,0.9547236078591061,0.03468899521531102,0.7105263157894737,0.0,
digits-35,3,0.8852631578947369,0.9094736842105263,0.024210526315789474,0.4473684210526316,0.05263157894736842,
digits-35,4,0.8615479740193699,0.8907241753923676,0.02917620137299773,0.6842105263157895,0.0,
digits-35,5,0.9473684210526315,0.9473684210526315,0.0,0.9473684210526315,0.05263157894736842,
digits-35,6,0.8769507343941247,0.9254385964912281,0.04848786209710324,0.18421052631578946,0.0,
digits-35,7,0.9399087148766224,0.9619883040935673,0.02207958921694482,0.7368421052631579,0.0,
digits-35,8,0.8711323763955342,0.9288144603934076,0.05768208399787347,0.6842105263157895,0.10526315789473684,
digits-35,9,0.7776902136813852,0.8075436189547234,0.029853405273338112,0.14035087719298245,0.0,
internet-ads,0,0.9392405281967005,0.9471713608034061,0.007930832606705567,0.7023809523809523,0.0,
internet-ads,1,0.9089328647482784,0.9117145697419755,0.0027817049936971062,0.6892857142857143,0.0,
internet-ads,2,0.9652988135620072,0.9750323507103177,0.009733537148310442,0.7023809523809523,0.0,0.5
internet-ads,3,0.9417583761697518,0.9466630173673194,0.004904641197567473,0.7059523809523809,0.0,
internet-ads,4,0.9704336845580279,0.9740133987385293,0.00357971418050146,0.769047619047619,0.0,
internet-ads,5,0.9085165332119362,0.9342289367504268,0.025712403538490497,0.6928571428571428,0.0,
internet-ads,6,0.9068303868343053,0.9145344507151492,0.007704063880843911,0.6767857142857142,0.0,0.0
internet-ads,7,0.9436713338025602,0.9482290308913581,0.00455769708879814,0.7107142857142856,0.0,1.0
internet-ads,8,0.9651380293012982,0.9712434089473845,0.006105379646086328,0.7476190476190475,0.0,
internet-ads,9,0.8862947897494037,0.9140705827552011,0.02777579300579756,0.6547619047619048,0.0,0.8333333333333333
ionosphere,0,0.687987889245838,0.8488393897255947,0.16085150047975671,0.1111111111111111,0.0,
ionosphere,1,0.6888769351249218,0.8139719768060963,0.12509504168117455,0.13194444444444445,0.027777777777777776,1.0
ionosphere,2,0.7451805163523457,0.8012471599189893,0.05606664356664356,0.47115384615384615,0.0,
ionosphere,3,0.733276555545338,0.9396767298553013,0.2064001743099633,0.3076923076923077,0.11538461538461539,1.0
ionosphere,4,0.8865287998574614,0.8991798587458253,0.012651058888364023,0.6083333333333333,0.0,
ionosphere,5,0.7874217140883808,0.8627553696303696,0.07533365554198887,0.25,0.027777777777777776,
ionosphere,6,0.8072210333928321,0.8768288765300869,0.06960784313725488,0.2037037037037037,0.0,
ionosphere,7,0.6623218686999912,0.7806195407410855,0.11829767204109423,0.22089947089947087,0.05555555555555555,1.0
ionosphere,8,0.6217844520298026,0.8115087876742402,0.1897243356444375,0.016666666666666666,0.0,1.0
ionosphere,9,0.7713624338624339,0.8531432113075116,0.08178077744507764,0.49074074074074076,0.0,
iris,0,0.782051282051282,0.9666666666666666,0.18461538461538463,0.0,0.0,
iris,1,0.7346153846153846,0.75,0.015384615384615375,0.0,0.2,
iris,2,0.6153846153846154,0.7948717948717948,0.1794871794871795,0.0,0.3333333333333333,
iris,3,0.5158730158730158,0.6825396825396826,0.16666666666666666,0.0,0.0,
iris,4,0.575,0.6083333333333334,0.033333333333333326,0.0,0.0,
iris,5,0.8901098901098901,0.8901098901098901,0.0,0.0,0.0,
iris,6,0.9207792207792208,0.9207792207792208,0.0,0.0,0.0,
iris,7,0.5818181818181818,0.6,0.018181818181818188,0.0,0.0,
iris,8,0.7153846153846154,1.0,0.28461538461538466,0.16666666666666666,0.0,
iris,9,0.9230769230769231,0.9230769230769231,0.0,0.0,0.0,
sonar,0,0.748402310762243,0.84396849896001,0.09556618819776715,0.26515151515151514,0.0,
sonar,1,0.5501637089356387,0.649304869918905,0.09914116098326624,0.0,0.0,
sonar,2,0.736747744812261,0.7704399414076835,0.03369219659542241,0.09545454545454546,0.0,
sonar,3,0.671705709712586,0.7427386194551733,0.07103290974258715,0.20909090909090908,0.13636363636363635,
sonar,4,0.7106680848482944,0.8203682460044859,0.10970016115619154,0.19318181818181818,0.0,
sonar,5,0.6397730563063996,0.8030495164391696,0.16327646013276995,0.056818181818181816,0.0,
sonar,6,0.5703930056871234,0.676471649265767,0.10607864357864359,0.2121212121212121,0.09090909090909091,
sonar,7,0.7598984564501805,0.8503172451448312,0.09041878869465077,0.22727272727272727,0.0,
sonar,8,0.6464005867498515,0.7398172905525847,0.0934167038027332,0.2424242424242424,0.09090909090909091,
sonar,9,0.5232762187307641,0.6928288882834337,0.16955266955266954,0.19696969696969696,0.0,
synthetic_d20,0,0.5493966198500833,0.7962164051438243,0.246819785293741,0.04523809523809524,0.05,1.0
synthetic_d20,1,0.5116034169313906,0.6872392566028465,0.17563583967145596,0.1854761904761905,0.0,1.0
synthetic_d20,2,0.38693106171212743,0.7178240231036559,0.3308929613915284,0.008571428571428572,0.1,0.9473684210526315
synthetic_d20,3,0.33481366940003887,0.6480445824196275,0.31323091301958866,0.03321428571428571,0.05,1.0
synthetic_d20,4,0.511425538297422,0.6904837390345195,0.17905820073709766,0.10148809523809524,0.025,1.0
synthetic_d20,5,0.48994928118187325,0.7004122586291703,0.21046297744729717,0.11190476190476191,0.0,0.0
synthetic_d20,6,0.46675872541148744,0.7354976728807497,0.2687389474692624,0.12333333333333334,0.025,1.0
synthetic_d20,7,0.4374428534518363,0.7682676712633151,0.3308248178114787,0.04988095238095238,0.025,1.0
synthetic_d20,8,0.47758776393983327,0.7356696130809753,0.25808184914114213,0.09494047619047619,0.025,1.0
synthetic_d20,9,0.5513482770371325,0.7330343754415403,0.18168609840440786,0.10476190476190475,0.025,1.0
synthetic_d50,0,0.5244656938246243,0.7300177912152542,0.20555209739063002,0.16541666666666666,0.0,1.0
synthetic_d50,1,0.4584673619085818,0.6947173659069015,0.23625000399831966,0.1300595238095238,0.05,1.0
synthetic_d50,2,0.4660925476956918,0.7068264207613261,0.24073387306563432,0.10892857142857142,0.025,0.8
synthetic_d50,3,0.47945848798784974,0.6645656014506311,0.18510711346278141,0.051488095238095236,0.025,0.5
synthetic_d50,4,0.45912089101338555,0.6491923612291279,0.19007147021574242,0.17023809523809524,0.05,
synthetic_d50,5,0.43238697217412075,0.6472446201940878,0.21485764801996715,0.10309523809523809,0.0,0.75
synthetic_d50,6,0.5386165415456561,0.756570720182504,0.21795417863684796,0.18833333333333332,0.025,0.5384615384615384
synthetic_d50,7,0.4907158235555847,0.7110394372698614,0.22032361371427683,0.10297619047619047,0.0,1.0
synthetic_d50,8,0.49642673100353074,0.689158710483499,0.19273197947996829,0.10011904761904762,0.025,1.0
synthetic_d50,9,0.6128273153240367,0.7378314712065662,0.12500415588252953,0.19988095238095238,0.0,
synthetic_d8,0,0.5622277678268045,0.7933636755282667,0.23113590770146222,0.2863095238095238,0.0,0.35714285714285715
synthetic_d8,1,0.5034886495024997,0.6852056986870562,0.18171704918455636,0.07166666666666667,0.0,1.0
synthetic_d8,2,0.4839606435909444,0.7379583423165584,0.2539976987256141,0.07208333333333333,0.025,1.0
synthetic_d8,3,0.5315023507996068,0.7105835865523366,0.17908123575272966,0.05083333333333333,0.05,1.0
synthetic_d8,4,0.5447762896825397,0.7492052579365079,0.20442896825396825,0.005,0.025,1.0
synthetic_d8,5,0.5000144083066733,0.7147792635248038,0.2147648552181305,0.21333333333333332,0.05,
synthetic_d8,6,0.6437428331501936,0.7586444127928582,0.1149015796426645,0.13416666666666666,0.025,
synthetic_d8,7,0.511817827710572,0.7333986386672173,0.2215808109566452,0.04666666666666667,0.025,1.0
synthetic_d8,8,0.43897863234873036,0.6770085714816106,0.2380299391328803,0.016666666666666666,0.025,1.0
synthetic_d8,9,0.45017143854453734,0.7525070242979817,0.3023355857534443,0.017499999999999998,0.025,1.0
synthetic_lowsep,0,0.5168516757117133,0.6986110015713353,0.18175932585962193,0.08333333333333333,0.0,1.0
synthetic_lowsep,1,0.4553151293372399,0.6842507518324978,0.22893562249525795,0.12916666666666665,0.025,1.0
synthetic_lowsep,2,0.4787725482920607,0.8083585873373057,0.329586039045245,0.07083333333333333,0.0,1.0
synthetic_lowsep,3,0.3836187550842005,0.6216151415636691,0.23799638647946858,0.062142857142857146,0.025,1.0
synthetic_lowsep,4,0.40598217816930166,0.6585517254379768,0.25256954726867514,0.019642857142857142,0.025,0.6666666666666666
synthetic_lowsep,5,0.38178864676994306,0.5802365151039173,0.19844786833397426,0.010714285714285714,0.05,1.0
synthetic_lowsep,6,0.389571126878317,0.7538297405430409,0.3642586136647238,0.016904761904761905,0.025,1.0
synthetic_lowsep,7,0.45602736133655186,0.7726598256252327,0.3166324642886808,0.060238095238095236,0.025,1.0
synthetic_lowsep,8,0.36791806917713565,0.599360098501683,0.23144202932454733,0.03482142857142857,0.025,1.0
synthetic_lowsep,9,0.5388662517695135,0.6952443929040714,0.1563781411345579,0.0875,0.0,1.0
wine,0,0.5789473684210527,0.5789473684210527,0.0,0.0,0.0,
wine,1,0.6875,0.6875,0.0,0.0,0.0,
wine,2,0.9499999999999998,0.9499999999999998,0.0,1.0,0.0,
wine,3,0.8285714285714285,0.8571428571428571,0.028571428571428564,0.42857142857142855,0.14285714285714285,
wine,5,1.0,1.0,0.0,1.0,0.0,
wine,6,1.0,1.0,0.0,1.0,0.0,
wine,8,1.0,1.0,0.0,1.0,0.0,
wine,9,0.9059873949579832,0.9732142857142857,0.06722689075630253,0.0,0.0,
