dataset,seed,miss_delta,shortfall_delta
banknote,0,0.0,0.0
banknote,1,0.0,0.0
banknote,2,0.0,0.0
blood,0,0.0,-0.01686695127128639
blood,1,0.4,0.03699797160243408
blood,2,-0.2,-0.012535211267605617
breast_cancer,0,0.2,0.002765957446808476
breast_cancer,1,0.0,0.0
breast_cancer,2,0.0,0.0
digits-35,0,0.2,0.03285714285714285
digits-35,1,0.2,0.002499999999999991
digits-35,2,0.8,0.09061224489795912
sonar,0,0.2,0.008181818181818156
sonar,1,0.0,0.0
sonar,2,0.0,0.0
wine,0,0.0,0.0
wine,1,0.0,0.0
wine,2,0.0,0.0
