dataset,seed,precision,coverage,evaluable
banknote,0,0.6667975545078084,0.5093294460641399,1.0
banknote,1,0.5622252771829515,0.7711370262390671,1.0
banknote,2,0.6922819142080293,0.5459183673469388,1.0
banknote,3,0.7912840984133015,0.5963556851311953,1.0
banknote,4,0.5444722961922401,0.7655976676384839,1.0
blood,0,0.7425114340495453,0.41550802139037424,1.0
blood,1,0.6769570054436869,0.5347593582887701,1.0
blood,2,0.7728427769875138,0.6098930481283422,1.0
blood,3,0.8971174178940686,0.4144385026737968,1.0
blood,4,0.7893091257151249,0.6058823529411764,1.0
breast_cancer,0,0.6785759319239671,0.5211267605633803,1.0
breast_cancer,1,0.8584893527467731,0.4940140845070422,1.0
breast_cancer,2,0.9010376433965528,0.5436619718309859,1.0
breast_cancer,3,0.8735387864708508,0.554225352112676,1.0
breast_cancer,4,0.8341124786838046,0.4883802816901408,1.0
diabetes,0,0.5664399134704505,0.5458333333333333,1.0
diabetes,1,0.5954103774606502,0.4049479166666667,1.0
diabetes,2,0.6649758956029055,0.5138020833333334,1.0
diabetes,3,0.7212606319226277,0.4786458333333333,1.0
diabetes,4,0.5493739994154603,0.5088541666666667,1.0
digits-35,0,0.843200500948851,0.4817813765182186,1.0
digits-35,1,0.7865808713167254,0.5303643724696356,1.0
digits-35,2,0.7674723238577728,0.4759976865240023,1.0
digits-35,3,0.7876916037520018,0.47368421052631576,1.0
digits-35,4,0.8427054004620594,0.5026026604973973,1.0
ionosphere,0,0.5893946199634754,0.4318181818181818,1.0
ionosphere,1,0.6190833083872133,0.4595959595959596,1.0
ionosphere,2,0.6475084516111722,0.5498737373737375,1.0
ionosphere,3,0.5597181031963641,0.43686868686868685,1.0
ionosphere,4,0.590763356305991,0.5271464646464646,1.0
iris,0,0.8741258741258742,0.5519999999999999,1.0
iris,1,0.6615384615384615,0.36,1.0
iris,2,0.6531428571428572,0.648,1.0
iris,3,0.43538461538461537,0.376,1.0
iris,4,0.7541666666666667,0.624,1.0
sonar,0,0.634857410458097,0.5227272727272727,1.0
sonar,1,0.5639411490477892,0.5192307692307693,1.0
sonar,2,0.5762987012987013,0.5524475524475524,1.0
sonar,3,0.5637710437710438,0.4982517482517483,1.0
sonar,4,0.5575877926421404,0.4842657342657342,1.0
synthetic_d20,0,0.5419769142120721,0.45949999999999996,1.0
synthetic_d20,1,0.5842613600557759,0.5327500000000001,1.0
synthetic_d20,2,0.547361939599665,0.53075,1.0
synthetic_d20,3,0.5981856477757101,0.496,1.0
synthetic_d20,4,0.5316139017869707,0.5229999999999999,1.0
synthetic_d50,0,0.5489468063310374,0.548,1.0
synthetic_d50,1,0.5806333838842868,0.5624,1.0
synthetic_d50,2,0.493104058785537,0.46959999999999996,1.0
synthetic_d50,3,0.5353014880682072,0.5242,1.0
synthetic_d50,4,0.5479617256749879,0.5492,1.0
synthetic_d8,0,0.5152957866518438,0.4600000000000001,1.0
synthetic_d8,1,0.5382240899929579,0.3668,1.0
synthetic_d8,2,0.6094305184298464,0.48200000000000004,1.0
synthetic_d8,3,0.5770789924361354,0.4232,1.0
synthetic_d8,4,0.5232523508237794,0.49119999999999997,1.0
synthetic_lowsep,0,0.48134155259155254,0.541,1.0
synthetic_lowsep,1,0.5096274422316909,0.533,1.0
synthetic_lowsep,2,0.49880089149061685,0.48274999999999996,1.0
synthetic_lowsep,3,0.5081032512279313,0.4385,1.0
synthetic_lowsep,4,0.4786667804282877,0.6075,1.0
wine,0,0.6854556761389059,0.5454545454545455,1.0
wine,1,0.623447204968944,0.6363636363636365,1.0
wine,2,0.6956916099773244,0.5757575757575758,1.0
wine,3,0.8158730158730158,0.4502164502164502,1.0
wine,4,0.433531746031746,0.5194805194805194,1.0
