metric,mean,ci_lo,ci_hi,tasks_with_data,task_seed_cells,region
precision,0.9863325889796477,0.9508802827074886,1.0,13,44,all_gates
coverage,0.004596125545820612,0.0014183164631280775,0.008659282134459144,13,65,all_gates
evaluable,0.19101687785898314,0.06689298859035701,0.34106607865818384,13,65,all_gates
precision,1.0,1.0,1.0,13,65,class_region
coverage,0.5356890098778474,0.507686632542758,0.575942080388268,13,65,class_region
evaluable,1.0,1.0,1.0,13,65,class_region
precision,1.0,1.0,1.0,13,44,complete_cell
coverage,0.004511847470954302,0.001392149935843509,0.008452338027815462,13,65,complete_cell
evaluable,0.18870918555129082,0.06583816768027295,0.3369402030717819,13,65,complete_cell
precision,0.6414017716774618,0.5840957228191052,0.7011626280149756,13,65,gates_1
coverage,0.5165783138602191,0.49108329140574286,0.5465826863928999,13,65,gates_1
evaluable,1.0,1.0,1.0,13,65,gates_1
precision,0.6894173090154697,0.6223318431529928,0.7565259450956732,13,65,gates_2
coverage,0.31728983381330106,0.28320924884978005,0.3558508488057952,13,65,gates_2
evaluable,1.0,1.0,1.0,13,65,gates_2
precision,0.7526402370958606,0.6761710401225706,0.8240872243249987,13,65,gates_4
coverage,0.1528814278123886,0.11615994083885735,0.19231844603065265,13,65,gates_4
evaluable,0.9764892417523997,0.9565390384469332,0.9913919413919415,13,65,gates_4
precision,0.8350661068455151,0.7645557117723925,0.8964689455386,13,65,gates_8
coverage,0.06685321609574128,0.039777839784402226,0.09488960113701234,13,65,gates_8
evaluable,0.8011950038265828,0.7400604205735785,0.8686123321123319,13,65,gates_8
