dataset,seed,length,precision,coverage,evaluable,below_target,shortened
banknote,0,4.125,1.0,0.187536443148688,1.0,0.0,0.275
banknote,1,3.7,1.0,0.1908892128279883,1.0,0.0,0.275
banknote,2,3.625,1.0,0.2443877551020408,0.95,0.0,0.2
banknote,3,3.675,1.0,0.23819241982507283,1.0,0.0,0.375
banknote,4,4.0,1.0,0.14569970845481045,0.975,0.0,0.225
banknote,5,3.775,1.0,0.23483965014577257,1.0,0.0,0.35
banknote,6,3.85,1.0,0.20007288629737605,1.0,0.0,0.3
banknote,7,3.85,1.0,0.21982507288629732,1.0,0.0,0.25
banknote,8,3.8,1.0,0.18141399416909615,1.0,0.0,0.275
banknote,9,3.125,1.0,0.24934402332361513,0.975,0.0,0.25
blood,0,5.075,1.0,0.12339572192513368,0.975,0.0,0.4
blood,1,4.525,1.0,0.11310160427807485,0.975,0.0,0.5
blood,2,5.1,1.0,0.14679144385026738,0.975,0.0,0.4
blood,3,4.775,1.0,0.10053475935828875,0.85,0.0,0.45
blood,4,4.525,1.0,0.11336898395721924,0.925,0.0,0.475
blood,5,4.375,1.0,0.1070855614973262,1.0,0.0,0.5
blood,6,4.25,1.0,0.2049465240641711,1.0,0.0,0.65
blood,7,4.125,1.0,0.1624331550802139,0.975,0.0,0.55
blood,8,4.125,1.0,0.13689839572192514,0.95,0.0,0.375
blood,9,5.05,1.0,0.16644385026737968,0.975,0.0,0.55
breast_cancer,0,2.75,1.0,0.4133802816901408,1.0,0.0,0.0
breast_cancer,1,3.65,1.0,0.415669014084507,1.0,0.0,0.3
breast_cancer,2,3.3,1.0,0.414612676056338,1.0,0.0,0.3
breast_cancer,3,3.5,1.0,0.4234154929577464,1.0,0.0,0.0
breast_cancer,4,4.125,1.0,0.3963028169014084,1.0,0.0,0.175
breast_cancer,5,3.55,1.0,0.3804577464788732,1.0,0.0,0.25
breast_cancer,6,3.6,1.0,0.3628521126760563,0.975,0.0,0.225
breast_cancer,7,3.95,1.0,0.3473591549295775,0.95,0.0,0.2
breast_cancer,8,3.55,1.0,0.4554577464788732,1.0,0.0,0.0
breast_cancer,9,3.75,1.0,0.384330985915493,1.0,0.0,0.425
diabetes,0,5.1,1.0,0.1466145833333333,1.0,0.0,0.1
diabetes,1,4.575,1.0,0.14010416666666664,0.95,0.0,0.35
diabetes,2,4.825,1.0,0.1774739583333333,0.95,0.0,0.325
diabetes,3,4.75,1.0,0.12252604166666663,0.975,0.0,0.2
diabetes,4,4.925,1.0,0.12057291666666663,1.0,0.0,0.2
diabetes,5,4.325,1.0,0.19283854166666664,1.0,0.0,0.2
diabetes,6,5.5,1.0,0.153125,1.0,0.0,0.175
diabetes,7,5.1,1.0,0.14088541666666662,0.95,0.0,0.375
diabetes,8,5.0,1.0,0.15768229166666664,0.925,0.0,0.15
diabetes,9,4.75,1.0,0.13007812499999996,0.95,0.0,0.325
digits-35,0,2.526315789473684,1.0,0.4279930595720069,1.0,0.0,0.0
digits-35,1,2.1578947368421053,1.0,0.4418739155581261,1.0,0.0,0.0
digits-35,2,2.526315789473684,1.0,0.443609022556391,1.0,0.0,0.0
digits-35,3,2.526315789473684,1.0,0.4314632735685367,0.9473684210526315,0.0,0.0
digits-35,4,2.526315789473684,1.0,0.40080971659919024,1.0,0.0,0.0
digits-35,5,2.0,1.0,0.4910352805089648,0.9473684210526315,0.0,0.0
digits-35,6,2.473684210526316,1.0,0.4239444765760555,1.0,0.0,0.0
digits-35,7,2.526315789473684,1.0,0.45691150954308846,1.0,0.0,0.0
digits-35,8,2.5789473684210527,1.0,0.4337767495662232,0.8947368421052632,0.0,0.0
digits-35,9,2.8947368421052633,1.0,0.3788316946211683,1.0,0.0,0.0
internet-ads,0,5.9,1.0,0.7771341463414634,1.0,0.0,0.0
internet-ads,1,5.75,1.0,0.7350609756097561,1.0,0.0,0.0
internet-ads,2,5.85,1.0,0.7904878048780488,1.0,0.0,0.1
internet-ads,3,5.825,1.0,0.7380792682926829,1.0,0.0,0.0
internet-ads,4,5.8,1.0,0.7764634146341464,1.0,0.0,0.0
internet-ads,5,5.725,1.0,0.6972256097560975,1.0,0.0,0.0
internet-ads,6,5.35,1.0,0.7609756097560976,1.0,0.0,0.425
internet-ads,7,5.975,1.0,0.7926219512195122,1.0,0.0,0.025
internet-ads,8,5.7,1.0,0.7357621951219512,1.0,0.0,0.0
internet-ads,9,5.575,1.0,0.7101524390243903,1.0,0.0,0.05
ionosphere,0,4.0,1.0,0.34564393939393934,1.0,0.0,0.0
ionosphere,1,4.416666666666667,1.0,0.3226010101010101,0.9722222222222222,0.0,0.1388888888888889
ionosphere,2,3.0833333333333335,1.0,0.3857323232323232,1.0,0.0,0.0
ionosphere,3,4.194444444444445,1.0,0.5508207070707071,0.9166666666666666,0.0,0.3055555555555556
ionosphere,4,3.638888888888889,1.0,0.46433080808080807,1.0,0.0,0.0
ionosphere,5,4.055555555555555,1.0,0.36426767676767674,0.9722222222222222,0.0,0.0
ionosphere,6,4.5,1.0,0.45075757575757575,1.0,0.0,0.0
ionosphere,7,4.444444444444445,1.0,0.3399621212121212,0.9444444444444444,0.0,0.08333333333333333
ionosphere,8,3.9166666666666665,1.0,0.36900252525252525,1.0,0.0,0.3055555555555556
ionosphere,9,4.0,1.0,0.4744318181818181,1.0,0.0,0.0
iris,0,2.0,1.0,0.392,1.0,0.0,0.0
iris,1,2.2,1.0,0.36,0.8,0.0,0.0
iris,2,2.0,1.0,0.384,0.8,0.0,0.0
iris,3,2.6,1.0,0.27999999999999997,1.0,0.0,0.0
iris,4,1.6,1.0,0.352,1.0,0.0,0.0
iris,5,1.8,1.0,0.45599999999999996,1.0,0.0,0.0
iris,6,2.0,1.0,0.4720000000000001,1.0,0.0,0.0
iris,7,2.0,1.0,0.304,1.0,0.0,0.0
iris,8,2.2,1.0,0.352,1.0,0.0,0.0
iris,9,1.4,1.0,0.48,1.0,0.0,0.0
sonar,0,4.5,1.0,0.3627622377622377,1.0,0.0,0.0
sonar,1,3.6363636363636362,1.0,0.2185314685314685,1.0,0.0,0.0
sonar,2,4.454545454545454,1.0,0.39860139860139865,1.0,0.0,0.0
sonar,3,4.090909090909091,1.0,0.2692307692307692,0.8636363636363636,0.0,0.0
sonar,4,3.6818181818181817,1.0,0.2744755244755244,1.0,0.0,0.0
sonar,5,4.045454545454546,1.0,0.24475524475524468,1.0,0.0,0.0
sonar,6,3.272727272727273,1.0,0.19230769230769226,0.9090909090909091,0.0,0.0
sonar,7,4.409090909090909,1.0,0.333041958041958,1.0,0.0,0.0
sonar,8,3.5,1.0,0.23951048951048948,0.9090909090909091,0.0,0.0
sonar,9,3.4545454545454546,1.0,0.17307692307692307,1.0,0.0,0.0
synthetic_d20,0,4.625,1.0,0.199375,0.95,0.0,0.375
synthetic_d20,1,4.65,1.0,0.1585,1.0,0.0,0.175
synthetic_d20,2,5.025,1.0,0.20749999999999996,0.925,0.0,0.475
synthetic_d20,3,4.4,1.0,0.137625,0.95,0.0,0.375
synthetic_d20,4,4.6,1.0,0.141625,0.975,0.0,0.15
synthetic_d20,5,4.9,1.0,0.13774999999999998,1.0,0.0,0.025
synthetic_d20,6,4.95,1.0,0.172875,0.975,0.0,0.175
synthetic_d20,7,4.7,1.0,0.153125,0.975,0.0,0.225
synthetic_d20,8,4.725,1.0,0.23149999999999998,0.975,0.0,0.3
synthetic_d20,9,5.0,1.0,0.18287499999999998,0.975,0.0,0.1
synthetic_d50,0,5.2,1.0,0.1329,1.0,0.0,0.1
synthetic_d50,1,5.025,1.0,0.1095,0.95,0.0,0.075
synthetic_d50,2,5.175,1.0,0.12449999999999999,1.0,0.0,0.25
synthetic_d50,3,5.125,1.0,0.1166,0.975,0.0,0.1
synthetic_d50,4,4.9,1.0,0.0888,0.95,0.0,0.0
synthetic_d50,5,5.15,1.0,0.0941,1.0,0.0,0.2
synthetic_d50,6,4.875,1.0,0.1793,0.975,0.0,0.325
synthetic_d50,7,4.825,1.0,0.1423,1.0,0.0,0.2
synthetic_d50,8,4.9,1.0,0.1367,0.975,0.0,0.175
synthetic_d50,9,5.525,1.0,0.16260000000000002,1.0,0.0,0.0
synthetic_d8,0,4.1,1.0,0.202,1.0,0.0,0.35
synthetic_d8,1,3.825,1.0,0.1446,1.0,0.0,0.1
synthetic_d8,2,4.05,1.0,0.178,0.975,0.0,0.225
synthetic_d8,3,4.1,1.0,0.1764,0.95,0.0,0.25
synthetic_d8,4,3.575,1.0,0.18660000000000002,0.975,0.0,0.2
synthetic_d8,5,4.2,1.0,0.1446,0.95,0.0,0.0
synthetic_d8,6,4.35,1.0,0.2124,0.975,0.0,0.0
synthetic_d8,7,4.175,1.0,0.2156,0.975,0.0,0.3
synthetic_d8,8,3.7,1.0,0.13,0.975,0.0,0.15
synthetic_d8,9,3.55,1.0,0.20259999999999997,0.975,0.0,0.275
synthetic_lowsep,0,5.65,1.0,0.162625,1.0,0.0,0.075
synthetic_lowsep,1,5.575,1.0,0.13387500000000002,0.975,0.0,0.025
synthetic_lowsep,2,4.95,1.0,0.348125,1.0,0.0,0.525
synthetic_lowsep,3,5.0,1.0,0.10625,0.975,0.0,0.225
synthetic_lowsep,4,5.425,1.0,0.122875,0.975,0.0,0.15
synthetic_lowsep,5,5.15,1.0,0.11725000000000001,0.95,0.0,0.05
synthetic_lowsep,6,4.95,1.0,0.22112500000000002,0.975,0.0,0.575
synthetic_lowsep,7,5.225,1.0,0.148125,0.975,0.0,0.35
synthetic_lowsep,8,5.35,1.0,0.166625,0.975,0.0,0.025
synthetic_lowsep,9,5.075,1.0,0.169625,1.0,0.0,0.2
wine,0,1.7142857142857142,1.0,0.3593073593073593,1.0,0.0,0.0
wine,1,1.5714285714285714,1.0,0.4112554112554112,1.0,0.0,0.0
wine,2,1.4285714285714286,1.0,0.47186147186147187,1.0,0.0,0.0
wine,3,2.142857142857143,1.0,0.41558441558441556,0.8571428571428571,0.0,0.0
wine,4,1.0,1.0,0.5454545454545455,1.0,0.0,0.0
wine,5,1.4285714285714286,1.0,0.4891774891774892,1.0,0.0,0.0
wine,6,1.4285714285714286,1.0,0.5108225108225108,1.0,0.0,0.0
wine,7,1.0,1.0,0.5454545454545455,1.0,0.0,0.0
wine,8,1.5714285714285714,1.0,0.5064935064935064,1.0,0.0,0.0
wine,9,2.0,1.0,0.4545454545454545,1.0,0.0,0.0
