metric,mean,ci_lo,ci_hi,tasks_with_data,task_seed_cells,method
length,2.909206213585913,2.322310345669368,3.499108856421356,14,140,empirical_prefix
precision,0.9771652850226948,0.9726936450524357,0.9813409333465336,14,140,empirical_prefix
coverage,0.339116082010059,0.253603969767676,0.43556652627971915,14,140,empirical_prefix
evaluable,0.9808568227929131,0.9718537692987881,0.9881161758563074,14,140,empirical_prefix
below_target,0.17075304249231715,0.12481268411913038,0.22384740830753377,14,140,empirical_prefix
shortened,0.6048811015634323,0.5028482142857142,0.7038249903031388,14,140,empirical_prefix
length,4.132866744784038,3.432485230934479,4.7675263086694,14,140,full_path
precision,1.0,1.0,1.0,14,140,full_path
coverage,0.29047071600370494,0.2009725736299321,0.393915179938378,14,140,full_path
evaluable,0.9768499305623367,0.9672956376330436,0.9854375783208019,14,140,full_path
below_target,0.0,0.0,0.0,14,140,full_path
shortened,0.0,0.0,0.0,14,140,full_path
length,3.5240619134416127,2.8194813921980275,4.187323973149867,14,140,mass_budget_prefix
precision,0.9871303326488851,0.9821686995683006,0.9914324847957142,14,140,mass_budget_prefix
coverage,0.2967273880292109,0.204999323237805,0.4037698225353847,14,140,mass_budget_prefix
evaluable,0.9768499305623367,0.9672956376330436,0.9854375783208019,14,140,mass_budget_prefix
below_target,0.08446380768251623,0.04937315220978423,0.13060304159152844,14,140,mass_budget_prefix
shortened,0.32866575258492553,0.23089282154249263,0.45282596609217846,14,140,mass_budget_prefix
length,3.9631643638316567,3.309891440926451,4.5604352571770335,14,140,pure_prefix
precision,1.0,1.0,1.0,14,140,pure_prefix
coverage,0.30430216621872325,0.21874331306942418,0.40274902458934175,14,140,pure_prefix
evaluable,0.9780999305623366,0.9689284127526608,0.9861145273899034,14,140,pure_prefix
below_target,0.0,0.0,0.0,14,140,pure_prefix
shortened,0.1513095238095238,0.08194295634920637,0.22795833333333332,14,140,pure_prefix
