dataset,seed,miss_delta,shortfall_delta,minimum_shortfall,greedy_shortfall,both_supported
banknote,0,0.0,0.0,0.0,0.0,1.0
banknote,1,0.0,0.0,0.013766233766233737,0.013766233766233737,1.0
banknote,2,0.0,0.0,0.0,0.0,1.0
blood,0,0.0,-0.01686695127128639,0.012397754611066559,0.02926470588235295,1.0
blood,1,0.4,0.03699797160243408,0.062358796344702115,0.02536082474226804,1.0
blood,2,-0.2,-0.012535211267605617,0.00428571428571427,0.016820925553319887,1.0
breast_cancer,0,0.2,0.002765957446808476,0.002765957446808476,0.0,1.0
breast_cancer,1,0.0,0.0,0.0022448979591836783,0.0022448979591836783,1.0
breast_cancer,2,0.0,0.0,0.002988505747126391,0.002988505747126391,1.0
diabetes,0,0.0,0.0,0.02427468284611134,0.02427468284611134,1.0
diabetes,1,0.0,0.021837167238146014,0.028169934640522865,0.006332767402376848,1.0
diabetes,2,0.0,0.0,0.04999999999999999,0.04999999999999999,0.8
digits-35,0,0.2,0.03285714285714285,0.03336996336996332,0.0005128205128204666,1.0
digits-35,1,0.2,0.002499999999999991,0.002499999999999991,0.0,1.0
digits-35,2,0.8,0.09061224489795912,0.09061224489795912,0.0,1.0
sonar,0,0.2,0.008181818181818156,0.026891495601173033,0.018709677419354875,1.0
sonar,1,0.0,0.0,0.0,0.0,1.0
sonar,2,0.0,0.0,0.012857142857142812,0.012857142857142812,1.0
wine,0,0.0,0.0,0.0,0.0,1.0
wine,1,0.0,0.0,0.02999999999999998,0.02999999999999998,1.0
wine,2,0.0,0.0,0.0,0.0,1.0
