metric,mean,ci_lo,ci_hi,tasks_with_data,task_seed_cells,excluded_task
miss_delta,0.09999999999999999,-0.011111111111111112,0.25555555555555554,6,18,banknote
shortfall_delta,0.009241674426967593,-0.0016615603404922447,0.026953324782317645,6,18,banknote
miss_delta,0.08888888888888889,0.0,0.24444444444444444,6,18,blood
shortfall_delta,0.00881968503454859,0.00015366430260047088,0.026344568130282398,6,18,blood
miss_delta,0.08888888888888889,-0.011111111111111112,0.24444444444444446,6,18,breast_cancer
shortfall_delta,0.009088010124367123,-0.0016677238103098783,0.027084881772231204,6,18,breast_cancer
miss_delta,0.09999999999999999,0.0,0.2555555555555556,6,18,diabetes
shortfall_delta,0.008028498469292815,-0.002148516930368685,0.026125064856900568,6,18,diabetes
miss_delta,0.03333333333333333,-0.011111111111111118,0.10000000000000002,6,18,digits-35
shortfall_delta,0.0022433751072397064,-0.002416842020187218,0.008574560675871656,6,18,digits-35
miss_delta,0.08888888888888889,-0.011111111111111112,0.24444444444444444,6,18,sonar
shortfall_delta,0.008787128972422141,-0.0020225254951600374,0.02531078066324867,6,18,sonar
miss_delta,0.09999999999999999,0.0,0.24444444444444446,6,18,wine
shortfall_delta,0.009241674426967593,-0.0014146148427097102,0.025840498601469225,6,18,wine
