dataset,seed,depth,query_index,class_minimum,method_minimum,length_minimum,full_length_minimum,candidates_tested,extraction_ms_minimum,ref_count_minimum,ref_success_minimum,coverage_minimum,precision_minimum,evaluable_minimum,below_target_minimum,class_greedy,full_length_greedy,method_greedy,length_greedy,shortened,extraction_ms_greedy,structural,ref_count_greedy,ref_success_greedy,coverage_greedy,precision_greedy,evaluable_greedy,below_target_greedy,both_supported,miss_delta,shortfall_delta,minimum_shortfall,greedy_shortfall
wine,0,8,2,0,minimum_empirical_subset,2,2,4,0.0471999956062063,17,17,0.5151515151515151,1.0,1,0.0,0,2,empirical_delete,2,0,0.0223999377340078,0,17,17,0.5151515151515151,1.0,1,0.0,1.0,0.0,0.0,0.0,0.0
wine,0,8,46,0,minimum_empirical_subset,2,2,4,0.0280000094790011,17,17,0.5151515151515151,1.0,1,0.0,0,2,empirical_delete,2,0,0.0201000366359949,0,17,17,0.5151515151515151,1.0,1,0.0,1.0,0.0,0.0,0.0,0.0
wine,0,8,49,0,minimum_empirical_subset,2,2,4,0.0259999942500144,17,17,0.5151515151515151,1.0,1,0.0,0,2,empirical_delete,2,0,0.0184000236913561,0,17,17,0.5151515151515151,1.0,1,0.0,1.0,0.0,0.0,0.0,0.0
wine,0,8,84,1,minimum_empirical_subset,1,1,2,0.0127999956021085,14,14,0.4242424242424242,1.0,1,0.0,1,1,empirical_delete,1,0,0.0090999528765678,0,14,14,0.4242424242424242,1.0,1,0.0,1.0,0.0,0.0,0.0,0.0
wine,0,8,121,1,minimum_empirical_subset,1,2,3,0.0200000067707151,11,11,0.3333333333333333,1.0,1,0.0,1,2,empirical_delete,1,1,0.0195999164134264,0,11,11,0.3333333333333333,1.0,1,0.0,1.0,0.0,0.0,0.0,0.0
wine,1,8,9,0,minimum_empirical_subset,1,2,3,0.0307999871438369,16,14,0.4848484848484848,0.875,1,1.0,0,2,empirical_delete,1,1,0.0198999186977744,0,16,14,0.4848484848484848,0.875,1,1.0,1.0,0.0,0.0,0.07499999999999996,0.07499999999999996
wine,1,8,54,0,minimum_empirical_subset,1,2,3,0.0218000059248879,16,14,0.4848484848484848,0.875,1,1.0,0,2,empirical_delete,1,1,0.0181000214070081,0,16,14,0.4848484848484848,0.875,1,1.0,1.0,0.0,0.0,0.07499999999999996,0.07499999999999996
wine,1,8,73,1,minimum_empirical_subset,1,2,3,0.0214999890886247,14,14,0.4242424242424242,1.0,1,0.0,1,2,empirical_delete,1,1,0.0212000450119376,0,14,14,0.4242424242424242,1.0,1,0.0,1.0,0.0,0.0,0.0,0.0
wine,1,8,89,1,minimum_empirical_subset,1,1,2,0.0161999923875555,17,17,0.5151515151515151,1.0,1,0.0,1,1,empirical_delete,1,0,0.0105999642983078,0,17,17,0.5151515151515151,1.0,1,0.0,1.0,0.0,0.0,0.0,0.0
wine,1,8,102,1,minimum_empirical_subset,1,1,2,0.0139999901875853,17,17,0.5151515151515151,1.0,1,0.0,1,1,empirical_delete,1,0,0.0082999467849731,0,17,17,0.5151515151515151,1.0,1,0.0,1.0,0.0,0.0,0.0,0.0
wine,2,8,8,0,minimum_empirical_subset,1,2,3,0.0275999918812885,20,19,0.6060606060606061,0.95,1,0.0,0,2,empirical_delete,1,1,0.0208000419661402,0,20,19,0.6060606060606061,0.95,1,0.0,1.0,0.0,0.0,0.0,0.0
wine,2,8,44,0,minimum_empirical_subset,1,2,3,0.0195000029634684,20,19,0.6060606060606061,0.95,1,0.0,0,2,empirical_delete,1,1,0.0179000198841094,0,20,19,0.6060606060606061,0.95,1,0.0,1.0,0.0,0.0,0.0,0.0
wine,2,8,47,0,minimum_empirical_subset,1,2,3,0.0188999983947724,20,19,0.6060606060606061,0.95,1,0.0,0,2,empirical_delete,1,1,0.0174000160768628,0,20,19,0.6060606060606061,0.95,1,0.0,1.0,0.0,0.0,0.0,0.0
wine,2,8,100,1,minimum_empirical_subset,1,1,2,0.0131999986479058,13,13,0.3939393939393939,1.0,1,0.0,1,1,empirical_delete,1,0,0.0085999490693211,0,13,13,0.3939393939393939,1.0,1,0.0,1.0,0.0,0.0,0.0,0.0
wine,2,8,120,1,minimum_empirical_subset,1,1,2,0.0124999933177605,13,13,0.3939393939393939,1.0,1,0.0,1,1,empirical_delete,1,0,0.0091999536380171,0,13,13,0.3939393939393939,1.0,1,0.0,1.0,0.0,0.0,0.0,0.0
breast_cancer,0,8,8,0,minimum_empirical_subset,1,3,4,0.1050999999279156,47,44,0.3309859154929577,0.9361702127659576,1,1.0,0,3,empirical_delete,2,1,0.068299937993288,0,43,43,0.3028169014084507,1.0,1,0.0,1.0,1.0,0.013829787234042379,0.013829787234042379,0.0
breast_cancer,0,8,116,1,minimum_empirical_subset,2,3,7,0.1686000032350421,86,84,0.6056338028169014,0.9767441860465116,1,0.0,1,3,empirical_delete,2,1,0.0889000948518514,0,86,84,0.6056338028169014,0.9767441860465116,1,0.0,1.0,0.0,0.0,0.0,0.0
breast_cancer,0,8,151,1,minimum_empirical_subset,2,3,7,0.164299999596551,86,84,0.6056338028169014,0.9767441860465116,1,0.0,1,3,empirical_delete,2,1,0.0743999844416976,0,86,84,0.6056338028169014,0.9767441860465116,1,0.0,1.0,0.0,0.0,0.0,0.0
breast_cancer,0,8,161,0,minimum_empirical_subset,1,2,3,0.0667999993311241,46,46,0.323943661971831,1.0,1,0.0,0,2,empirical_delete,1,1,0.0427999766543507,0,46,46,0.323943661971831,1.0,1,0.0,1.0,0.0,0.0,0.0,0.0
breast_cancer,0,8,254,0,minimum_empirical_subset,1,2,3,0.0648999994155019,46,46,0.323943661971831,1.0,1,0.0,0,2,empirical_delete,1,1,0.0411999644711613,0,46,46,0.323943661971831,1.0,1,0.0,1.0,0.0,0.0,0.0,0.0
breast_cancer,1,8,35,0,minimum_empirical_subset,1,3,4,0.1013000000966712,49,46,0.3450704225352112,0.9387755102040816,1,1.0,0,3,empirical_delete,1,1,0.0577999744564294,0,49,46,0.3450704225352112,0.9387755102040816,1,1.0,1.0,0.0,0.0,0.011224489795918391,0.011224489795918391
breast_cancer,1,8,145,1,minimum_empirical_subset,2,5,16,0.3873999958159402,85,83,0.5985915492957746,0.976470588235294,1,0.0,1,5,empirical_delete,4,1,0.099100056104362,0,76,75,0.5352112676056338,0.986842105263158,1,0.0,1.0,0.0,0.0,0.0,0.0
breast_cancer,1,8,274,0,minimum_empirical_subset,1,3,4,0.0893999967956915,42,40,0.2957746478873239,0.9523809523809524,1,0.0,0,3,empirical_delete,1,1,0.0495000276714563,0,42,40,0.2957746478873239,0.9523809523809524,1,0.0,1.0,0.0,0.0,0.0,0.0
breast_cancer,1,8,378,1,minimum_empirical_subset,2,5,16,0.3708000003825873,85,83,0.5985915492957746,0.976470588235294,1,0.0,1,5,empirical_delete,4,1,0.1011999556794762,0,76,75,0.5352112676056338,0.986842105263158,1,0.0,1.0,0.0,0.0,0.0,0.0
breast_cancer,1,8,550,1,minimum_empirical_subset,2,5,16,0.3708000003825873,85,83,0.5985915492957746,0.976470588235294,1,0.0,1,5,empirical_delete,4,1,0.1069999998435378,0,76,75,0.5352112676056338,0.986842105263158,1,0.0,1.0,0.0,0.0,0.0,0.0
breast_cancer,2,8,74,1,minimum_empirical_subset,2,5,16,0.1264000020455569,87,82,0.6126760563380281,0.942528735632184,1,1.0,1,5,empirical_delete,2,1,0.0493000261485576,0,87,82,0.6126760563380281,0.942528735632184,1,1.0,1.0,0.0,0.0,0.007471264367815977,0.007471264367815977
breast_cancer,2,8,283,0,minimum_empirical_subset,1,2,3,0.0209999998332932,42,42,0.2957746478873239,1.0,1,0.0,0,2,empirical_delete,1,1,0.0136999879032373,0,42,42,0.2957746478873239,1.0,1,0.0,1.0,0.0,0.0,0.0,0.0
breast_cancer,2,8,415,1,minimum_empirical_subset,2,5,16,0.1150000025518238,87,82,0.6126760563380281,0.942528735632184,1,1.0,1,5,empirical_delete,2,1,0.0478000147268176,0,87,82,0.6126760563380281,0.942528735632184,1,1.0,1.0,0.0,0.0,0.007471264367815977,0.007471264367815977
breast_cancer,2,8,468,0,minimum_empirical_subset,1,2,3,0.0202000082936137,42,42,0.2957746478873239,1.0,1,0.0,0,2,empirical_delete,1,1,0.0146999955177307,0,42,42,0.2957746478873239,1.0,1,0.0,1.0,0.0,0.0,0.0,0.0
breast_cancer,2,8,504,0,minimum_empirical_subset,6,6,64,0.5270999972708523,2,2,0.0140845070422535,1.0,1,0.0,0,6,empirical_delete,6,0,0.0863000750541687,0,2,2,0.0140845070422535,1.0,1,0.0,1.0,0.0,0.0,0.0,0.0
digits-35,0,8,1,1,minimum_empirical_subset,1,3,4,0.0338999961968511,14,11,0.1538461538461538,0.7857142857142857,1,1.0,1,3,empirical_delete,2,1,0.0771000050008297,0,6,6,0.0659340659340659,1.0,1,0.0,1.0,1.0,0.16428571428571426,0.16428571428571426,0.0
digits-35,0,8,166,1,minimum_empirical_subset,2,3,7,0.0512999977217987,50,48,0.5494505494505495,0.96,1,0.0,1,3,empirical_delete,2,1,0.0663999235257506,0,50,48,0.5494505494505495,0.96,1,0.0,1.0,0.0,0.0,0.0,0.0
digits-35,0,8,206,0,minimum_empirical_subset,1,2,3,0.0201999937416985,39,37,0.4285714285714285,0.9487179487179488,1,1.0,0,2,empirical_delete,1,1,0.0390000641345977,0,39,37,0.4285714285714285,0.9487179487179488,1,1.0,1.0,0.0,0.0,0.0012820512820511665,0.0012820512820511665
digits-35,0,8,221,1,minimum_empirical_subset,2,3,7,0.0463000033050775,50,48,0.5494505494505495,0.96,1,0.0,1,3,empirical_delete,2,1,0.0654000323265791,0,50,48,0.5494505494505495,0.96,1,0.0,1.0,0.0,0.0,0.0,0.0
digits-35,0,8,343,0,minimum_empirical_subset,1,2,3,0.0183999945875257,39,37,0.4285714285714285,0.9487179487179488,1,1.0,0,2,empirical_delete,1,1,0.0388999469578266,0,39,37,0.4285714285714285,0.9487179487179488,1,1.0,1.0,0.0,0.0,0.0012820512820511665,0.0012820512820511665
digits-35,1,8,50,0,minimum_empirical_subset,1,1,2,0.0209999998332932,49,49,0.5384615384615384,1.0,1,0.0,0,1,empirical_delete,1,0,0.0084999483078718,0,49,49,0.5384615384615384,1.0,1,0.0,1.0,0.0,0.0,0.0,0.0
digits-35,1,8,94,0,minimum_empirical_subset,1,1,2,0.0139000039780512,49,49,0.5384615384615384,1.0,1,0.0,0,1,empirical_delete,1,0,0.0068999361246824,0,49,49,0.5384615384615384,1.0,1,0.0,1.0,0.0,0.0,0.0,0.0
digits-35,1,8,242,0,minimum_empirical_subset,1,3,4,0.0266999995801597,32,30,0.3516483516483517,0.9375,1,1.0,0,3,empirical_delete,2,1,0.0204000389203429,0,29,29,0.3186813186813186,1.0,1,0.0,1.0,1.0,0.012499999999999956,0.012499999999999956,0.0
digits-35,1,8,272,1,minimum_empirical_subset,2,3,7,0.0480999879073351,38,37,0.4175824175824176,0.9736842105263158,1,0.0,1,3,empirical_delete,2,1,0.0299999956041574,0,38,37,0.4175824175824176,0.9736842105263158,1,0.0,1.0,0.0,0.0,0.0,0.0
digits-35,1,8,349,0,minimum_empirical_subset,1,1,2,0.0127999956021085,49,49,0.5384615384615384,1.0,1,0.0,0,1,empirical_delete,1,0,0.0085999490693211,0,49,49,0.5384615384615384,1.0,1,0.0,1.0,0.0,0.0,0.0,0.0
digits-35,2,8,27,0,minimum_empirical_subset,1,3,4,0.1013000000966712,49,41,0.5384615384615384,0.8367346938775511,1,1.0,0,3,empirical_delete,1,1,0.0226999400183558,0,44,42,0.4835164835164835,0.9545454545454546,1,0.0,1.0,1.0,0.1132653061224489,0.1132653061224489,0.0
digits-35,2,8,128,0,minimum_empirical_subset,1,3,4,0.0878999999258667,49,41,0.5384615384615384,0.8367346938775511,1,1.0,0,3,empirical_delete,1,1,0.0229000579565763,0,44,42,0.4835164835164835,0.9545454545454546,1,0.0,1.0,1.0,0.1132653061224489,0.1132653061224489,0.0
digits-35,2,8,151,1,minimum_empirical_subset,2,2,4,0.0909999944269657,45,45,0.4945054945054945,1.0,1,0.0,1,2,empirical_delete,2,0,0.0178000191226601,0,45,45,0.4945054945054945,1.0,1,0.0,1.0,0.0,0.0,0.0,0.0
digits-35,2,8,224,0,minimum_empirical_subset,1,3,4,0.0923999905353412,49,41,0.5384615384615384,0.8367346938775511,1,1.0,0,3,empirical_delete,1,1,0.0267999712377786,0,44,42,0.4835164835164835,0.9545454545454546,1,0.0,1.0,1.0,0.1132653061224489,0.1132653061224489,0.0
digits-35,2,8,271,0,minimum_empirical_subset,1,3,4,0.0954999995883554,49,41,0.5384615384615384,0.8367346938775511,1,1.0,0,3,empirical_delete,1,1,0.0267000868916511,0,44,42,0.4835164835164835,0.9545454545454546,1,0.0,1.0,1.0,0.1132653061224489,0.1132653061224489,0.0
banknote,0,8,47,1,minimum_empirical_subset,2,3,7,0.0620999926468357,68,68,0.1982507288629737,1.0,1,0.0,1,3,empirical_delete,2,1,0.0347000313922762,0,68,68,0.1982507288629737,1.0,1,0.0,1.0,0.0,0.0,0.0,0.0
banknote,0,8,540,1,minimum_empirical_subset,1,4,5,0.0368000037269666,128,124,0.3731778425655976,0.96875,1,0.0,1,4,empirical_delete,1,1,0.0392000656574964,0,128,124,0.3731778425655976,0.96875,1,0.0,1.0,0.0,0.0,0.0,0.0
banknote,0,8,553,1,minimum_empirical_subset,1,4,5,0.0361999991582706,128,124,0.3731778425655976,0.96875,1,0.0,1,4,empirical_delete,1,1,0.0385999446734786,0,128,124,0.3731778425655976,0.96875,1,0.0,1.0,0.0,0.0,0.0,0.0
banknote,0,8,566,1,minimum_empirical_subset,1,4,5,0.0360999983968213,128,124,0.3731778425655976,0.96875,1,0.0,1,4,empirical_delete,1,1,0.0375999370589852,0,128,124,0.3731778425655976,0.96875,1,0.0,1.0,0.0,0.0,0.0,0.0
banknote,0,8,1122,0,minimum_empirical_subset,3,6,42,0.3553999995347112,103,99,0.3002915451895043,0.9611650485436892,1,0.0,0,6,empirical_delete,3,1,0.06949994713068,0,103,99,0.3002915451895043,0.9611650485436892,1,0.0,1.0,0.0,0.0,0.0,0.0
banknote,1,8,89,1,minimum_empirical_subset,1,4,5,0.0437999988207593,154,141,0.4489795918367347,0.9155844155844156,1,1.0,1,4,empirical_delete,1,1,0.0444999895989894,0,154,141,0.4489795918367347,0.9155844155844156,1,1.0,1.0,0.0,0.0,0.034415584415584344,0.034415584415584344
banknote,1,8,137,1,minimum_empirical_subset,1,4,5,0.0352000060956925,154,141,0.4489795918367347,0.9155844155844156,1,1.0,1,4,empirical_delete,1,1,0.0446999911218881,0,154,141,0.4489795918367347,0.9155844155844156,1,1.0,1.0,0.0,0.0,0.034415584415584344,0.034415584415584344
banknote,1,8,716,1,minimum_empirical_subset,2,4,11,0.0870000076247379,60,57,0.1749271137026239,0.95,1,0.0,1,4,empirical_delete,3,1,0.0523000489920377,0,60,57,0.1749271137026239,0.95,1,0.0,1.0,0.0,0.0,0.0,0.0
banknote,1,8,974,0,minimum_empirical_subset,1,3,4,0.0277999934041872,35,35,0.1020408163265306,1.0,1,0.0,0,3,empirical_delete,1,1,0.0428999774158,0,35,35,0.1020408163265306,1.0,1,0.0,1.0,0.0,0.0,0.0,0.0
banknote,1,8,1259,0,minimum_empirical_subset,2,5,16,0.148899998748675,114,112,0.3323615160349854,0.9824561403508772,1,0.0,0,5,empirical_delete,2,1,0.0650000292807817,0,114,112,0.3323615160349854,0.9824561403508772,1,0.0,1.0,0.0,0.0,0.0,0.0
banknote,2,8,68,1,minimum_empirical_subset,2,5,16,0.1469000126235187,114,114,0.3323615160349854,1.0,1,0.0,1,5,empirical_delete,2,1,0.1425999216735363,0,114,114,0.3323615160349854,1.0,1,0.0,1.0,0.0,0.0,0.0,0.0
banknote,2,8,308,1,minimum_empirical_subset,1,3,4,0.0303999986499547,126,126,0.3673469387755102,1.0,1,0.0,1,3,empirical_delete,1,1,0.0761999981477856,0,126,126,0.3673469387755102,1.0,1,0.0,1.0,0.0,0.0,0.0,0.0
banknote,2,8,795,0,minimum_empirical_subset,3,5,26,0.2473000058671459,57,57,0.1661807580174927,1.0,1,0.0,0,5,empirical_delete,3,1,0.0601999927312135,0,57,57,0.1661807580174927,1.0,1,0.0,1.0,0.0,0.0,0.0,0.0
banknote,2,8,1024,0,minimum_empirical_subset,2,5,16,0.1412999990861863,118,115,0.3440233236151603,0.9745762711864406,1,0.0,0,5,empirical_delete,2,1,0.0545999500900507,0,39,39,0.1137026239067055,1.0,1,0.0,1.0,0.0,0.0,0.0,0.0
banknote,2,8,1198,0,minimum_empirical_subset,2,4,11,0.1379000023007393,118,115,0.3440233236151603,0.9745762711864406,1,0.0,0,4,empirical_delete,2,1,0.0421000877395272,0,118,115,0.3440233236151603,0.9745762711864406,1,0.0,1.0,0.0,0.0,0.0,0.0
blood,0,8,82,1,minimum_empirical_subset,3,8,93,0.9506000060355292,28,27,0.1497326203208556,0.9642857142857144,1,0.0,1,8,empirical_delete,4,1,0.2692999551072716,0,17,16,0.0909090909090909,0.9411764705882352,1,1.0,1.0,-1.0,-0.008823529411764786,0.0,0.008823529411764786
blood,0,8,223,1,minimum_empirical_subset,2,8,37,0.3653000021586194,31,30,0.1657754010695187,0.967741935483871,1,0.0,1,8,empirical_delete,4,1,0.2584999892860651,0,22,21,0.1176470588235294,0.9545454545454546,1,0.0,1.0,0.0,0.0,0.0,0.0
blood,0,8,291,1,minimum_empirical_subset,2,7,29,0.7622999983141199,58,54,0.3101604278074866,0.9310344827586208,1,1.0,1,7,empirical_delete,2,1,0.2073000650852918,0,16,13,0.0855614973262032,0.8125,1,1.0,1.0,0.0,-0.11853448275862077,0.01896551724137918,0.13749999999999996
blood,0,8,297,1,minimum_empirical_subset,2,8,37,1.4126000023679808,43,39,0.2299465240641711,0.9069767441860463,1,1.0,1,8,empirical_delete,6,1,0.2478000242263078,0,16,16,0.0855614973262032,1.0,1,0.0,1.0,1.0,0.04302325581395361,0.04302325581395361,0.0
blood,0,8,500,0,minimum_empirical_subset,6,6,64,1.4731999981449917,3,3,0.0160427807486631,1.0,1,0.0,0,6,empirical_delete,6,0,0.053799943998456,0,3,3,0.0160427807486631,1.0,1,0.0,1.0,0.0,0.0,0.0,0.0
blood,1,8,118,1,minimum_empirical_subset,2,8,37,0.9547999943606555,34,29,0.1818181818181818,0.8529411764705882,1,1.0,1,8,empirical_delete,8,0,0.1087000127881765,0,3,3,0.0160427807486631,1.0,1,0.0,1.0,1.0,0.09705882352941175,0.09705882352941175,0.0
blood,1,8,127,1,minimum_empirical_subset,2,8,37,0.9406000026501716,58,50,0.3101604278074866,0.8620689655172413,1,1.0,1,8,empirical_delete,6,1,0.1025999663397669,0,4,4,0.0213903743315508,1.0,1,0.0,1.0,1.0,0.08793103448275863,0.08793103448275863,0.0
blood,1,8,387,1,minimum_empirical_subset,1,8,9,0.2064000000245869,97,86,0.5187165775401069,0.8865979381443299,1,1.0,1,8,empirical_delete,1,1,0.0834000529721379,0,97,86,0.5187165775401069,0.8865979381443299,1,1.0,1.0,0.0,0.0,0.0634020618556701,0.0634020618556701
blood,1,8,509,1,minimum_empirical_subset,3,8,93,2.5289000041084364,2,2,0.0106951871657754,1.0,1,0.0,1,8,empirical_delete,3,1,0.1156000653281807,0,2,2,0.0106951871657754,1.0,1,0.0,1.0,0.0,0.0,0.0,0.0
blood,1,8,735,1,minimum_empirical_subset,1,8,9,0.2330999996047467,97,86,0.5187165775401069,0.8865979381443299,1,1.0,1,8,empirical_delete,1,1,0.2497000386938452,0,97,86,0.5187165775401069,0.8865979381443299,1,1.0,1.0,0.0,0.0,0.0634020618556701,0.0634020618556701
blood,2,8,24,0,minimum_empirical_subset,2,5,16,0.4107999993721023,11,11,0.0588235294117647,1.0,1,0.0,0,5,empirical_delete,4,1,0.0529000535607337,0,11,11,0.0588235294117647,1.0,1,0.0,1.0,0.0,0.0,0.0,0.0
blood,2,8,262,1,minimum_empirical_subset,3,6,42,0.7649000035598874,14,13,0.0748663101604278,0.9285714285714286,1,1.0,1,6,empirical_delete,3,1,0.2942000282928347,0,14,13,0.0748663101604278,0.9285714285714286,1,1.0,1.0,0.0,0.0,0.021428571428571352,0.021428571428571352
blood,2,8,334,1,minimum_empirical_subset,1,6,7,0.2355999895371496,70,69,0.374331550802139,0.9857142857142858,1,0.0,1,6,empirical_delete,4,1,0.0640999060124158,0,15,15,0.0802139037433155,1.0,1,0.0,1.0,0.0,0.0,0.0,0.0
blood,2,8,585,1,minimum_empirical_subset,1,8,9,0.0679999939166009,70,69,0.374331550802139,0.9857142857142858,1,0.0,1,8,empirical_delete,1,1,0.0857000704854726,0,70,69,0.374331550802139,0.9857142857142858,1,0.0,1.0,0.0,0.0,0.0,0.0
blood,2,8,702,1,minimum_empirical_subset,1,4,5,0.0372999929822981,70,69,0.374331550802139,0.9857142857142858,1,0.0,1,4,empirical_delete,1,1,0.0358000397682189,0,71,63,0.3796791443850267,0.8873239436619719,1,1.0,1.0,-1.0,-0.06267605633802809,0.0,0.06267605633802809
diabetes,0,8,17,1,minimum_empirical_subset,3,8,93,0.7611000037286431,98,90,0.5104166666666666,0.9183673469387756,1,1.0,1,8,empirical_delete,3,1,0.1042999792844057,0,98,90,0.5104166666666666,0.9183673469387756,1,1.0,1.0,0.0,0.0,0.031632653061224314,0.031632653061224314
diabetes,0,8,381,1,minimum_empirical_subset,2,6,22,0.1772000105120241,47,45,0.2447916666666666,0.9574468085106383,1,0.0,1,6,empirical_delete,2,1,0.063300016336143,0,47,45,0.2447916666666666,0.9574468085106383,1,0.0,1.0,0.0,0.0,0.0,0.0
diabetes,0,8,444,1,minimum_empirical_subset,3,8,93,1.3343000027816745,98,90,0.5104166666666666,0.9183673469387756,1,1.0,1,8,empirical_delete,3,1,0.1014999579638242,0,98,90,0.5104166666666666,0.9183673469387756,1,1.0,1.0,0.0,0.0,0.031632653061224314,0.031632653061224314
diabetes,0,8,452,1,minimum_empirical_subset,2,6,22,0.2268999960506335,37,33,0.1927083333333333,0.8918918918918919,1,1.0,1,6,empirical_delete,2,1,0.0712000764906406,0,37,33,0.1927083333333333,0.8918918918918919,1,1.0,1.0,0.0,0.0,0.05810810810810807,0.05810810810810807
diabetes,0,8,508,0,minimum_empirical_subset,5,5,32,0.942900005611591,4,4,0.0208333333333333,1.0,1,0.0,0,5,empirical_delete,5,0,0.0523999333381652,0,4,4,0.0208333333333333,1.0,1,0.0,1.0,0.0,0.0,0.0,0.0
diabetes,1,8,151,1,minimum_empirical_subset,2,4,11,0.2791999868350103,34,30,0.1770833333333333,0.8823529411764706,1,1.0,1,4,empirical_delete,2,1,0.1105000264942646,0,31,29,0.1614583333333333,0.935483870967742,1,1.0,1.0,0.0,0.05313092979127143,0.0676470588235294,0.014516129032257963
diabetes,1,8,174,1,minimum_empirical_subset,2,8,37,0.3059000009670853,72,68,0.375,0.9444444444444444,1,1.0,1,8,empirical_delete,3,1,0.2849999582394957,0,57,54,0.296875,0.9473684210526316,1,1.0,1.0,0.0,0.0029239766081872176,0.005555555555555536,0.002631578947368318
diabetes,1,8,419,1,minimum_empirical_subset,2,4,11,0.0895999983185902,34,30,0.1770833333333333,0.8823529411764706,1,1.0,1,4,empirical_delete,2,1,0.0357000390067696,0,31,29,0.1614583333333333,0.935483870967742,1,1.0,1.0,0.0,0.05313092979127143,0.0676470588235294,0.014516129032257963
diabetes,1,8,497,1,minimum_empirical_subset,2,6,22,0.160299998242408,70,67,0.3645833333333333,0.9571428571428572,1,0.0,1,6,empirical_delete,3,1,0.0671999296173453,0,36,36,0.1875,1.0,1,0.0,1.0,0.0,0.0,0.0,0.0
diabetes,1,8,749,0,minimum_empirical_subset,3,3,8,0.0576999882468953,1,1,0.0052083333333333,1.0,1,0.0,0,3,empirical_delete,3,0,0.0726999714970588,0,1,1,0.0052083333333333,1.0,1,0.0,1.0,0.0,0.0,0.0,0.0
diabetes,2,8,84,0,minimum_empirical_subset,2,8,37,0.3136999876005575,5,2,0.0260416666666666,0.4,1,1.0,0,8,empirical_delete,8,0,0.2418999793007969,0,0,0,0.0,,0,,0.0,,,,
diabetes,2,8,262,1,minimum_empirical_subset,2,7,29,0.2613999968161806,78,77,0.40625,0.9871794871794872,1,0.0,1,7,empirical_delete,2,1,0.0693999463692307,0,78,77,0.40625,0.9871794871794872,1,0.0,1.0,0.0,0.0,0.0,0.0
diabetes,2,8,383,1,minimum_empirical_subset,2,5,16,0.1181999978143721,78,77,0.40625,0.9871794871794872,1,0.0,1,5,empirical_delete,3,1,0.0434999819844961,0,52,52,0.2708333333333333,1.0,1,0.0,1.0,0.0,0.0,0.0,0.0
diabetes,2,8,472,1,minimum_empirical_subset,2,8,37,0.3018999996129423,78,77,0.40625,0.9871794871794872,1,0.0,1,8,empirical_delete,2,1,0.0797000247985124,0,78,77,0.40625,0.9871794871794872,1,0.0,1.0,0.0,0.0,0.0,0.0
diabetes,2,8,630,0,minimum_empirical_subset,4,8,163,4.77080000564456,8,6,0.0416666666666666,0.75,1,1.0,0,8,empirical_delete,4,1,0.0900001032277941,0,8,6,0.0416666666666666,0.75,1,1.0,1.0,0.0,0.0,0.19999999999999996,0.19999999999999996
sonar,0,8,6,0,minimum_empirical_subset,1,6,7,0.1657999964663759,11,10,0.2115384615384615,0.9090909090909092,1,1.0,0,6,empirical_delete,5,1,0.153200002387166,0,7,7,0.1346153846153846,1.0,1,0.0,1.0,1.0,0.040909090909090784,0.040909090909090784,0.0
sonar,0,8,66,0,minimum_empirical_subset,2,3,7,0.1741000014590099,14,14,0.2692307692307692,1.0,1,0.0,0,3,empirical_delete,2,1,0.0687000574544072,0,14,14,0.2692307692307692,1.0,1,0.0,1.0,0.0,0.0,0.0,0.0
sonar,0,8,84,0,minimum_empirical_subset,2,4,11,0.2518999972380698,7,7,0.1346153846153846,1.0,1,0.0,0,4,empirical_delete,2,1,0.1071000006049871,0,7,7,0.1346153846153846,1.0,1,0.0,1.0,0.0,0.0,0.0,0.0
sonar,0,8,113,1,minimum_empirical_subset,3,7,64,1.5917999990051612,31,28,0.5961538461538461,0.9032258064516128,1,1.0,1,7,empirical_delete,3,1,0.1949999714270234,0,31,28,0.5961538461538461,0.9032258064516128,1,1.0,1.0,0.0,0.0,0.04677419354838719,0.04677419354838719
sonar,0,8,181,1,minimum_empirical_subset,3,7,64,1.6026999946916476,31,28,0.5961538461538461,0.9032258064516128,1,1.0,1,7,empirical_delete,3,1,0.1910000573843717,0,31,28,0.5961538461538461,0.9032258064516128,1,1.0,1.0,0.0,0.0,0.04677419354838719,0.04677419354838719
sonar,1,8,3,1,minimum_empirical_subset,4,4,16,0.1295999973081052,1,1,0.0192307692307692,1.0,1,0.0,1,4,empirical_delete,4,0,0.1783999614417553,0,1,1,0.0192307692307692,1.0,1,0.0,1.0,0.0,0.0,0.0,0.0
sonar,1,8,10,0,minimum_empirical_subset,3,3,8,0.0598000042373314,14,14,0.2692307692307692,1.0,1,0.0,0,3,empirical_delete,3,0,0.1578000374138355,0,14,14,0.2692307692307692,1.0,1,0.0,1.0,0.0,0.0,0.0,0.0
sonar,1,8,107,0,minimum_empirical_subset,3,3,8,0.0577000027988106,14,14,0.2692307692307692,1.0,1,0.0,0,3,empirical_delete,3,0,0.1319000730291009,0,14,14,0.2692307692307692,1.0,1,0.0,1.0,0.0,0.0,0.0,0.0
sonar,1,8,154,1,minimum_empirical_subset,2,4,11,0.0780000118538737,5,5,0.0961538461538461,1.0,1,0.0,1,4,empirical_delete,3,1,0.166199984960258,0,5,5,0.0961538461538461,1.0,1,0.0,1.0,0.0,0.0,0.0,0.0
sonar,1,8,179,1,minimum_empirical_subset,4,4,16,0.1344000047538429,19,19,0.3653846153846153,1.0,1,0.0,1,4,empirical_delete,4,0,0.1681001158431172,0,19,19,0.3653846153846153,1.0,1,0.0,1.0,0.0,0.0,0.0,0.0
sonar,2,8,26,0,minimum_empirical_subset,2,2,4,0.0339999969583004,12,12,0.2307692307692307,1.0,1,0.0,0,2,empirical_delete,2,0,0.0192999141290783,0,12,12,0.2307692307692307,1.0,1,0.0,1.0,0.0,0.0,0.0,0.0
sonar,2,8,47,1,minimum_empirical_subset,3,6,42,0.3232999879401177,28,26,0.5384615384615384,0.9285714285714286,1,1.0,1,6,empirical_delete,3,1,0.0632000155746936,0,28,26,0.5384615384615384,0.9285714285714286,1,1.0,1.0,0.0,0.0,0.021428571428571352,0.021428571428571352
sonar,2,8,49,1,minimum_empirical_subset,3,6,42,0.307999987853691,28,26,0.5384615384615384,0.9285714285714286,1,1.0,1,6,empirical_delete,3,1,0.0657999189570546,0,28,26,0.5384615384615384,0.9285714285714286,1,1.0,1.0,0.0,0.0,0.021428571428571352,0.021428571428571352
sonar,2,8,148,1,minimum_empirical_subset,3,6,42,0.3204999957233667,28,26,0.5384615384615384,0.9285714285714286,1,1.0,1,6,empirical_delete,3,1,0.063900020904839,0,28,26,0.5384615384615384,0.9285714285714286,1,1.0,1.0,0.0,0.0,0.021428571428571352,0.021428571428571352
sonar,2,8,165,0,minimum_empirical_subset,3,3,8,0.044000000343658,4,4,0.0769230769230769,1.0,1,0.0,0,3,empirical_delete,3,0,0.0216000480577349,0,4,4,0.0769230769230769,1.0,1,0.0,1.0,0.0,0.0,0.0,0.0
