dataset,seed,class_minus_cell_coverage,class_minus_cell_evaluable
banknote,0,0.49548104956268224,0.2
banknote,1,0.49970845481049564,0.45
banknote,2,0.4787172011661808,0.25
banknote,3,0.4883381924198251,0.1
banknote,4,0.5010204081632653,0.25
blood,0,0.7045454545454546,0.25
blood,1,0.6235294117647059,0.45
blood,2,0.7262032085561498,0.25
blood,3,0.8184491978609627,0.3
blood,4,0.7008021390374332,0.3
breast_cancer,0,0.5147887323943662,0.65
breast_cancer,1,0.5169014084507042,0.6
breast_cancer,2,0.5204225352112676,0.5
breast_cancer,3,0.5257042253521127,0.75
breast_cancer,4,0.5359154929577465,0.65
diabetes,0,0.5330729166666667,0.95
diabetes,1,0.5778645833333333,0.95
diabetes,2,0.6013020833333333,0.95
diabetes,3,0.621875,1.0
diabetes,4,0.4994791666666666,0.9
digits-35,0,0.5066512434933488,0.8947368421052632
digits-35,1,0.5008675534991325,0.9473684210526315
digits-35,2,0.4950838635049162,0.7894736842105263
digits-35,3,0.4950838635049162,0.7894736842105263
digits-35,4,0.496818970503181,0.7894736842105263
ionosphere,0,0.6054292929292929,0.8888888888888888
ionosphere,1,0.55239898989899,0.9444444444444444
ionosphere,2,0.6382575757575757,0.9444444444444444
ionosphere,3,0.5744949494949495,0.8888888888888888
ionosphere,4,0.5378787878787878,0.8333333333333334
iris,0,0.512,0.8
iris,1,0.496,0.8
iris,2,0.488,0.8
iris,3,0.504,0.8
iris,4,0.512,1.0
sonar,0,0.5611888111888111,1.0
sonar,1,0.4912587412587412,0.9090909090909091
sonar,2,0.5437062937062938,1.0
sonar,3,0.5017482517482518,1.0
sonar,4,0.5209790209790209,1.0
synthetic_d20,0,0.49975,0.95
synthetic_d20,1,0.516,0.9
synthetic_d20,2,0.509,1.0
synthetic_d20,3,0.505,1.0
synthetic_d20,4,0.496,1.0
synthetic_d50,0,0.5,1.0
synthetic_d50,1,0.5,1.0
synthetic_d50,2,0.4998,0.95
synthetic_d50,3,0.4952,1.0
synthetic_d50,4,0.5084,1.0
synthetic_d8,0,0.49960000000000004,0.95
synthetic_d8,1,0.5016,0.95
synthetic_d8,2,0.49960000000000004,0.95
synthetic_d8,3,0.504,1.0
synthetic_d8,4,0.49400000000000005,0.9
synthetic_lowsep,0,0.4995,1.0
synthetic_lowsep,1,0.504,1.0
synthetic_lowsep,2,0.501,1.0
synthetic_lowsep,3,0.50225,0.95
synthetic_lowsep,4,0.48900000000000005,1.0
wine,0,0.49350649350649345,0.8571428571428571
wine,1,0.4891774891774891,0.8571428571428571
wine,2,0.5021645021645021,1.0
wine,3,0.5021645021645021,1.0
wine,4,0.4978354978354978,1.0
