dataset,seed,selected_error_share,uniform_error_share,excess_share,top_error_hit,ref_error_present,selected_ref_supported
banknote,0,0.744584986171777,0.4051560721911332,0.33942891398064384,0.975,1.0,1.0
banknote,1,0.6728284603313707,0.40050862207198773,0.2723198382593829,0.9342105263157895,1.0,1.0
banknote,2,0.7904433343814614,0.42340565417488496,0.3670376802065765,1.0,1.0,1.0
banknote,3,0.6835406394967909,0.38855650522317187,0.2949841342736191,0.7777777777777778,1.0,1.0
banknote,4,0.7714888740175508,0.4014287501484404,0.3700601238691104,0.8333333333333334,1.0,1.0
banknote,5,0.8490963488502076,0.45792511389608304,0.3911712349541245,0.9722222222222222,1.0,1.0
banknote,6,0.8861938091937682,0.43844476744186045,0.4477490417519078,1.0,1.0,1.0
banknote,7,0.6629011298474113,0.4044988610765601,0.2584022687708513,0.9802631578947368,1.0,1.0
banknote,8,0.7829256693835452,0.4207488757620168,0.36217679362152844,0.8888888888888888,1.0,1.0
banknote,9,0.9036954978774275,0.451409799660181,0.45228569821724646,0.9736842105263158,1.0,1.0
blood,0,0.542391900291523,0.3337624085293571,0.20862949176216594,0.6923076923076923,0.9923076923076923,1.0
blood,1,0.7295238201728282,0.36230132080123,0.3672224993715983,0.9320987654320988,1.0,1.0
blood,2,0.7191233660343104,0.4019824857410474,0.317140880293263,0.8,1.0,1.0
blood,3,0.7285374694316642,0.3867574126833386,0.34178005674832557,0.8888888888888888,1.0,1.0
blood,4,0.7773851193588122,0.3906513898657794,0.38673372949303275,1.0,1.0,1.0
blood,5,0.6564019301561141,0.37346003585565885,0.28294189430045524,0.7808080808080807,0.825,1.0
blood,6,0.7244012875363275,0.3858760426985073,0.33852524483782015,0.9244444444444445,1.0,1.0
blood,7,0.8264216616755973,0.3949623420673833,0.43145931960821393,0.9194444444444444,1.0,1.0
blood,8,0.7077978884985382,0.39709738289873914,0.31070050559979917,0.9166666666666666,1.0,1.0
blood,9,0.6693036259600652,0.35352350947127825,0.31578011648878695,0.9558823529411765,1.0,1.0
breast_cancer,0,0.7142857142857143,0.5,0.2142857142857143,1.0,1.0,1.0
breast_cancer,1,0.7692307692307693,0.47435897435897434,0.2948717948717949,0.9615384615384616,1.0,1.0
breast_cancer,2,0.7609554850833921,0.4604166666666667,0.3005388184167254,0.75,1.0,1.0
breast_cancer,3,0.7142857142857143,0.48571428571428577,0.2285714285714286,1.0,1.0,1.0
breast_cancer,4,0.0,0.0,0.0,0.0,1.0,1.0
breast_cancer,5,0.775,0.3875,0.3875,1.0,1.0,1.0
breast_cancer,7,0.9359772978959026,0.49118678479143596,0.44479051310446654,1.0,1.0,1.0
breast_cancer,8,0.6666666666666666,0.375,0.29166666666666663,1.0,1.0,1.0
breast_cancer,9,0.9487179487179487,0.47435897435897434,0.47435897435897434,1.0,1.0,1.0
diabetes,0,0.7385283344396227,0.3847733167626749,0.3537550176769478,0.9416666666666667,1.0,1.0
diabetes,1,0.7172234490904423,0.37253202269306374,0.3446914263973785,0.9006410256410257,1.0,1.0
diabetes,2,0.7059452087338871,0.36763575719014635,0.3383094515437408,0.7884615384615384,0.9316239316239316,1.0
diabetes,3,0.8520513414249112,0.4473932490424798,0.4046580923824314,0.9791666666666666,1.0,1.0
diabetes,4,0.6014215616301883,0.35427731056644485,0.24714425106374355,0.8416666666666667,1.0,1.0
diabetes,5,0.7886381157105083,0.38198436911531414,0.40665374659519427,0.9574074074074075,1.0,1.0
diabetes,6,0.6628598106826649,0.3658958883513659,0.296963922331299,0.9568965517241379,1.0,1.0
diabetes,7,0.7348061793279023,0.3682741835685082,0.36653199575939394,0.9824561403508772,1.0,1.0
diabetes,8,0.706961800742771,0.38452197338366617,0.32243982735910487,0.90625,1.0,1.0
diabetes,9,0.7782814411499452,0.37838180259128024,0.39989963855866484,0.9421296296296295,0.9861111111111112,1.0
digits-35,4,1.0,0.5,0.5,1.0,1.0,1.0
internet-ads,0,0.4975119513255106,0.2833713602781399,0.21414059104737068,1.0,1.0,1.0
internet-ads,1,0.6619866402770905,0.40254927428665677,0.25943736599043377,1.0,1.0,1.0
internet-ads,2,0.5290290944753187,0.36160509970578625,0.16742399476953249,1.0,1.0,1.0
internet-ads,3,0.627853102271707,0.44825356918380177,0.17959953308790513,1.0,1.0,1.0
internet-ads,4,0.65625,0.359375,0.296875,1.0,1.0,1.0
internet-ads,5,0.3741689205637196,0.22799371410482522,0.1461752064588944,0.5,1.0,1.0
internet-ads,6,0.6005408037763339,0.3319281184823948,0.2686126852939391,0.89375,1.0,1.0
internet-ads,7,0.6620364649222611,0.3691912716912717,0.2928451932309894,0.9871794871794872,1.0,1.0
internet-ads,8,0.5959641706924316,0.3625117418142781,0.2334524288781535,1.0,1.0,1.0
internet-ads,9,0.6157144671997401,0.3742458521870286,0.24146861501271152,1.0,1.0,1.0
ionosphere,0,0.6148148148148147,0.39956427015250545,0.21525054466230933,1.0,1.0,1.0
ionosphere,1,0.7613378684807256,0.4484126984126984,0.3129251700680272,1.0,1.0,1.0
ionosphere,2,0.9401939655172413,0.4900323275862069,0.4501616379310345,1.0,1.0,1.0
ionosphere,4,0.9482758620689655,0.5,0.4482758620689655,1.0,1.0,1.0
ionosphere,5,0.9027777777777777,0.46990740740740744,0.4328703703703704,1.0,1.0,1.0
ionosphere,7,0.8047337278106509,0.42899408284023666,0.37573964497041423,1.0,1.0,1.0
ionosphere,8,0.7809780453959757,0.4659722222222222,0.3150058231737536,1.0,1.0,1.0
ionosphere,9,0.8887769085200948,0.49754901960784315,0.39122788891225163,1.0,1.0,1.0
sonar,0,0.7044592030360531,0.49264705882352944,0.2118121442125237,0.6666666666666666,1.0,1.0
sonar,1,0.6559472273757988,0.4787672644815502,0.1771799628942486,1.0,1.0,1.0
sonar,6,0.6086956521739131,0.4710144927536232,0.1376811594202899,1.0,1.0,1.0
sonar,7,0.6666666666666666,0.3333333333333333,0.3333333333333333,1.0,1.0,1.0
sonar,8,0.782608695652174,0.5,0.28260869565217395,1.0,1.0,1.0
sonar,9,0.7272727272727273,0.5,0.2272727272727273,1.0,1.0,1.0
synthetic_d20,0,0.8193195294077932,0.40738525374414275,0.41193427566365054,1.0,1.0,1.0
synthetic_d20,1,0.7308290439158183,0.4007497646739969,0.3300792792418213,0.9634615384615385,1.0,1.0
synthetic_d20,2,0.6177647516326323,0.3425790958899554,0.275185655742677,0.6903225806451613,1.0,1.0
synthetic_d20,3,0.6330090518409629,0.3709259971493195,0.2620830546916434,0.7892156862745098,1.0,1.0
synthetic_d20,4,0.6809365587263487,0.36182711305759474,0.31910944566875393,0.9099999999999999,1.0,1.0
synthetic_d20,5,0.6019327165115899,0.40905880765983693,0.19287390885175296,0.8722222222222222,1.0,1.0
synthetic_d20,6,0.6637570446493404,0.3666471359452417,0.29710990870409865,0.8225806451612904,1.0,1.0
synthetic_d20,7,0.7358637772925429,0.3970906430004323,0.33877313429211064,0.9479166666666666,1.0,1.0
synthetic_d20,8,0.6680259495826499,0.38131715659486326,0.28670879298778673,0.9561403508771931,1.0,1.0
synthetic_d20,9,0.7062703903788612,0.3980980313064413,0.30817235907241997,0.9441176470588236,1.0,1.0
synthetic_d50,0,0.680065049747779,0.40027946090069777,0.2797855888470813,1.0,1.0,1.0
synthetic_d50,1,0.7400726406170172,0.42509593101397636,0.3149767096030408,0.925,1.0,1.0
synthetic_d50,2,0.6738172633241524,0.4006144898590633,0.27320277346508903,0.9416666666666667,1.0,1.0
synthetic_d50,3,0.6052652286187158,0.3846713057678393,0.22059392285087642,0.8508771929824562,1.0,1.0
synthetic_d50,4,0.5705999975630079,0.38527782100267294,0.18532217656033498,0.7472222222222222,1.0,1.0
synthetic_d50,5,0.6489546238018767,0.3967992457668401,0.2521553780350365,1.0,1.0,1.0
synthetic_d50,6,0.7391347704709199,0.38736125678052247,0.35177351369039744,0.965686274509804,1.0,1.0
synthetic_d50,7,0.7048250261713969,0.3954550069101581,0.3093700192612388,0.9785714285714285,1.0,1.0
synthetic_d50,8,0.6630600265896502,0.41079807189218914,0.2522619546974611,0.9666666666666666,1.0,1.0
synthetic_d50,9,0.7366846880075458,0.41522535130863847,0.32145933669890736,0.9125,1.0,1.0
synthetic_d8,0,0.7718227613626095,0.4490823412698412,0.32274042009276827,0.9642857142857143,1.0,1.0
synthetic_d8,1,0.6966721174694287,0.46201088719998223,0.23466123026944638,0.9583333333333334,1.0,1.0
synthetic_d8,2,0.8883073194495189,0.4630345964472745,0.4252727230022444,1.0,1.0,1.0
synthetic_d8,3,0.7127334709496644,0.44310775349862774,0.2696257174510367,0.8666666666666667,1.0,1.0
synthetic_d8,4,0.7367557645463295,0.45078218924630264,0.28597357530002687,0.9615384615384616,1.0,1.0
synthetic_d8,5,0.7014856853672642,0.4064498184563974,0.29503586691086686,0.9473684210526315,1.0,1.0
synthetic_d8,6,0.773944007287533,0.4536318470600507,0.32031216022748216,1.0,1.0,1.0
synthetic_d8,7,0.8666426166426167,0.471530784030784,0.3951118326118326,1.0,1.0,1.0
synthetic_d8,8,0.695801873199455,0.41078201550113014,0.2850198576983249,0.6666666666666666,1.0,1.0
synthetic_d8,9,0.6942779183374259,0.4212505479249095,0.27302737041251635,0.9607843137254901,1.0,1.0
synthetic_lowsep,0,0.656657740023327,0.39767369861111174,0.25898404141221526,0.9375,1.0,1.0
synthetic_lowsep,1,0.6675633533092583,0.3795528124445588,0.28801054086469957,0.9740740740740742,1.0,1.0
synthetic_lowsep,2,0.7206476306356553,0.385802822273074,0.3348448083625813,1.0,1.0,1.0
synthetic_lowsep,3,0.6871130286767224,0.3965820482619976,0.2905309804147248,0.9,1.0,1.0
synthetic_lowsep,4,0.6512926185243109,0.3800724275519778,0.271220190972333,0.8333333333333334,1.0,1.0
synthetic_lowsep,5,0.7164928200882836,0.3812807477871611,0.3352120723011226,0.9817708333333334,1.0,1.0
synthetic_lowsep,6,0.6605579909950035,0.3346933163027891,0.3258646746922144,0.9016129032258065,1.0,1.0
synthetic_lowsep,7,0.603987632992968,0.3538157358907466,0.25017189710222126,0.67816091954023,1.0,1.0
synthetic_lowsep,8,0.6445361493403753,0.3494129373749206,0.2951232119654547,0.9632352941176471,1.0,1.0
synthetic_lowsep,9,0.7098503525028793,0.39010059215146836,0.3197497603514109,0.9285714285714286,1.0,1.0
