dataset,seed,depth,cpu_reconstruction_seconds,nodes,queries
iris,0,4,0.002445499994792044,9,5
iris,0,8,0.0006980000034673139,9,5
iris,1,4,0.0004902999935438856,11,5
iris,1,8,0.0008928999886848032,11,5
iris,2,4,0.0007399999885819852,9,5
iris,2,8,0.000857399994856678,9,5
iris,3,4,0.0004442999925231561,9,5
iris,3,8,0.0005458999949041754,9,5
iris,4,4,0.00038130000757519156,7,5
iris,4,8,0.0008974999946076423,7,5
iris,5,4,0.0008390000002691522,13,5
iris,5,8,0.001004199992166832,13,5
iris,6,4,0.0004445999948075041,9,5
iris,6,8,0.00042609999945852906,9,5
iris,7,4,0.0014177999983076006,9,5
iris,7,8,0.0009069000079762191,9,5
iris,8,4,0.00038109999150037766,11,5
iris,8,8,0.0005563000013353303,13,5
iris,9,4,0.00040180000360123813,7,5
iris,9,8,0.0006531999970320612,7,5
wine,0,4,0.000468299986096099,5,7
wine,0,8,0.00045929999032523483,5,7
wine,1,4,0.0004752999957418069,5,7
wine,1,8,0.0004614000063156709,5,7
wine,2,4,0.0005688999954145402,5,7
wine,2,8,0.0005361999938031659,5,7
wine,3,4,0.0004665999877033755,9,7
wine,3,8,0.0009602999925846234,9,7
wine,4,4,0.0004743000026792288,3,7
wine,4,8,0.0007460999913746491,3,7
wine,5,4,0.000872799995704554,5,7
wine,5,8,0.0005065000004833564,5,7
wine,6,4,0.0003930000093532726,5,7
wine,6,8,0.0004606000002240762,5,7
wine,7,4,0.0004354999982751906,3,7
wine,7,8,0.0006568999961018562,3,7
wine,8,4,0.0004729999927803874,5,7
wine,8,8,0.00057409999135416,5,7
wine,9,4,0.0009177999891107902,9,7
wine,9,8,0.0005948999896645546,9,7
breast_cancer,0,4,0.0011946000013267621,13,20
breast_cancer,0,8,0.0012547000078484416,13,20
breast_cancer,1,4,0.002364500003750436,19,20
breast_cancer,1,8,0.0016737999976612628,27,20
breast_cancer,2,4,0.0013488999975379556,13,20
breast_cancer,2,8,0.002697699994314462,21,20
breast_cancer,3,4,0.0015006000030552968,13,20
breast_cancer,3,8,0.0019733999943127856,21,20
breast_cancer,4,4,0.0018253000016557053,19,20
breast_cancer,4,8,0.001873800007160753,27,20
breast_cancer,5,4,0.0026182000001426786,19,20
breast_cancer,5,8,0.0029344000067794695,25,20
breast_cancer,6,4,0.0018543999904068187,19,20
breast_cancer,6,8,0.0018249999993713573,23,20
breast_cancer,7,4,0.0015943999896990135,21,20
breast_cancer,7,8,0.002453100009006448,31,20
breast_cancer,8,4,0.0013485999952536076,17,20
breast_cancer,8,8,0.004248099998221733,25,20
breast_cancer,9,4,0.002108300002873875,21,20
breast_cancer,9,8,0.0018850999913411215,29,20
digits-35,0,4,0.0008202000026358292,13,19
digits-35,0,8,0.0008779999916441739,13,19
digits-35,1,4,0.000752499996451661,9,19
digits-35,1,8,0.0012828000035369769,9,19
digits-35,2,4,0.000886999987415038,11,19
digits-35,2,8,0.0010755999974207953,11,19
digits-35,3,4,0.0008247000077972189,11,19
digits-35,3,8,0.0010672999924281612,11,19
digits-35,4,4,0.001560000004246831,13,19
digits-35,4,8,0.0010675999947125092,13,19
digits-35,5,4,0.001068099998519756,7,19
digits-35,5,8,0.000712799999746494,7,19
digits-35,6,4,0.0007246000022860244,13,19
digits-35,6,8,0.0007667000027140602,13,19
digits-35,7,4,0.0018291000014869496,13,19
digits-35,7,8,0.0023978999961400405,13,19
digits-35,8,4,0.002142999990610406,13,19
digits-35,8,8,0.0007479999912902713,13,19
digits-35,9,4,0.001040400005877018,13,19
digits-35,9,8,0.000814300001366064,13,19
synthetic_d8,0,4,0.001188799986266531,25,20
synthetic_d8,0,8,0.0009225999965565279,55,20
synthetic_d8,1,4,0.0006356000085361302,23,20
synthetic_d8,1,8,0.0015806000010343269,53,20
synthetic_d8,2,4,0.000662600010400638,23,20
synthetic_d8,2,8,0.0007215000077849254,49,20
synthetic_d8,3,4,0.000826000003144145,23,20
synthetic_d8,3,8,0.0009544000058667734,51,20
synthetic_d8,4,4,0.000684200000250712,25,20
synthetic_d8,4,8,0.002100500001688488,45,20
synthetic_d8,5,4,0.001612300009583123,25,20
synthetic_d8,5,8,0.0007611000037286431,57,20
synthetic_d8,6,4,0.0006544999923789874,23,20
synthetic_d8,6,8,0.0008264000061899424,47,20
synthetic_d8,7,4,0.001422200002707541,23,20
synthetic_d8,7,8,0.0008931000047596171,39,20
synthetic_d8,8,4,0.0006159000040497631,27,20
synthetic_d8,8,8,0.0007668000034755096,43,20
synthetic_d8,9,4,0.0006583999929716811,23,20
synthetic_d8,9,8,0.0015075999981490895,45,20
synthetic_d20,0,4,0.001582500000949949,27,20
synthetic_d20,0,8,0.002231899998150766,75,20
synthetic_d20,1,4,0.002670000001671724,23,20
synthetic_d20,1,8,0.004270599994924851,73,20
synthetic_d20,2,4,0.001503100007539615,23,20
synthetic_d20,2,8,0.0021741999953519553,73,20
synthetic_d20,3,4,0.0014910000027157366,23,20
synthetic_d20,3,8,0.002459600000292994,71,20
synthetic_d20,4,4,0.0031598999921698123,27,20
synthetic_d20,4,8,0.0068903000064892694,79,20
synthetic_d20,5,4,0.00162830000044778,31,20
synthetic_d20,5,8,0.0027092999953310937,87,20
synthetic_d20,6,4,0.0031242999975802377,31,20
synthetic_d20,6,8,0.003533600000082515,77,20
synthetic_d20,7,4,0.00309880000713747,27,20
synthetic_d20,7,8,0.0027938999992329627,77,20
synthetic_d20,8,4,0.0018001999997068197,25,20
synthetic_d20,8,8,0.007657100009964779,67,20
synthetic_d20,9,4,0.002138399999239482,29,20
synthetic_d20,9,8,0.002620100000058301,65,20
synthetic_d50,0,4,0.006749499996658415,29,20
synthetic_d50,0,8,0.00613530000555329,91,20
synthetic_d50,1,4,0.004556700005196035,29,20
synthetic_d50,1,8,0.006753200010280125,85,20
synthetic_d50,2,4,0.010618500004056841,29,20
synthetic_d50,2,8,0.0067048000055365264,101,20
synthetic_d50,3,4,0.0040825000032782555,25,20
synthetic_d50,3,8,0.007060399992042221,95,20
synthetic_d50,4,4,0.003991600009612739,31,20
synthetic_d50,4,8,0.013651200002641417,89,20
synthetic_d50,5,4,0.005124999996041879,29,20
synthetic_d50,5,8,0.008850900005199946,101,20
synthetic_d50,6,4,0.005387099998188205,29,20
synthetic_d50,6,8,0.007696599990595132,85,20
synthetic_d50,7,4,0.0041037999908439815,31,20
synthetic_d50,7,8,0.007311900000786409,89,20
synthetic_d50,8,4,0.005259199999272823,31,20
synthetic_d50,8,8,0.012634099999559112,97,20
synthetic_d50,9,4,0.00570049999805633,29,20
synthetic_d50,9,8,0.006498899994767271,91,20
synthetic_lowsep,0,4,0.0008967000030679628,21,20
synthetic_lowsep,0,8,0.002101199992466718,95,20
synthetic_lowsep,1,4,0.0008885999995982274,27,20
synthetic_lowsep,1,8,0.0019361999875400215,99,20
synthetic_lowsep,2,4,0.0011729999969247729,25,20
synthetic_lowsep,2,8,0.0022372000094037503,57,20
synthetic_lowsep,3,4,0.001010899999528192,29,20
synthetic_lowsep,3,8,0.0012378999963402748,99,20
synthetic_lowsep,4,4,0.002929399997810833,29,20
synthetic_lowsep,4,8,0.0014121999993221834,123,20
synthetic_lowsep,5,4,0.0009989999962272123,27,20
synthetic_lowsep,5,8,0.0022831999958725646,99,20
synthetic_lowsep,6,4,0.0011860999948112294,23,20
synthetic_lowsep,6,8,0.001320399998803623,105,20
synthetic_lowsep,7,4,0.001418500003637746,27,20
synthetic_lowsep,7,8,0.0026692999963415787,103,20
synthetic_lowsep,8,4,0.0029233999957796186,21,20
synthetic_lowsep,8,8,0.0013624999992316589,83,20
synthetic_lowsep,9,4,0.0017605000030016527,29,20
synthetic_lowsep,9,8,0.0014859999937471002,91,20
banknote,0,4,0.0008819000067887828,23,20
banknote,0,8,0.0010273000079905614,49,20
banknote,1,4,0.0008817000052658841,23,20
banknote,1,8,0.0011700000031851232,43,20
banknote,2,4,0.0009408000041730702,23,20
banknote,2,8,0.0009074999979929999,33,20
banknote,3,4,0.0015620000049239025,23,20
banknote,3,8,0.0017873000033432618,39,20
banknote,4,4,0.0014388999989023432,23,20
banknote,4,8,0.0012731000024359673,45,20
banknote,5,4,0.0007813000120222569,25,20
banknote,5,8,0.0012045000039506704,43,20
banknote,6,4,0.0008363000088138506,23,20
banknote,6,8,0.0018524999904911965,43,20
banknote,7,4,0.0007728999917162582,21,20
banknote,7,8,0.0014177000120980665,41,20
banknote,8,4,0.0008090000046649948,25,20
banknote,8,8,0.001145600006566383,37,20
banknote,9,4,0.000796199994510971,23,20
banknote,9,8,0.0008662000036565587,35,20
blood,0,4,0.0005285999941406772,29,20
blood,0,8,0.0009187000105157495,139,20
blood,1,4,0.0005283999926177785,25,20
blood,1,8,0.0007002000056672841,141,20
blood,2,4,0.0005906000005779788,31,20
blood,2,8,0.0016687000024830922,133,20
blood,3,4,0.0006139999895822257,31,20
blood,3,8,0.0007737999985693023,113,20
blood,4,4,0.0005310999986249954,29,20
blood,4,8,0.0006533999985549599,129,20
blood,5,4,0.0005224000051384792,29,20
blood,5,8,0.0006204999954206869,125,20
blood,6,4,0.0005223000043770298,25,20
blood,6,8,0.0006606000097235665,113,20
blood,7,4,0.0007896000024629757,29,20
blood,7,8,0.0006800999981351197,107,20
blood,8,4,0.0006168000109028071,23,20
blood,8,8,0.000710600012098439,131,20
blood,9,4,0.0005283000064082444,27,20
blood,9,8,0.0020960999972885475,105,20
diabetes,0,4,0.001005999991321005,27,20
diabetes,0,8,0.0023874999897088856,83,20
diabetes,1,4,0.0007079000060912222,29,20
diabetes,1,8,0.0009649999992689118,105,20
diabetes,2,4,0.0009969000093406066,27,20
diabetes,2,8,0.0009438999986741692,93,20
diabetes,3,4,0.0006915999983903021,29,20
diabetes,3,8,0.0010381000029155985,93,20
diabetes,4,4,0.0008553999941796064,27,20
diabetes,4,8,0.001219100013258867,105,20
diabetes,5,4,0.0010230000043520704,25,20
diabetes,5,8,0.001156700003775768,105,20
diabetes,6,4,0.0010668000031728297,27,20
diabetes,6,8,0.001080700007150881,97,20
diabetes,7,4,0.0007307000050786883,23,20
diabetes,7,8,0.0019857000006595626,121,20
diabetes,8,4,0.0012067000061506405,29,20
diabetes,8,8,0.0012009000056423247,109,20
diabetes,9,4,0.0007743999885860831,29,20
diabetes,9,8,0.0013867999950889498,109,20
ionosphere,0,4,0.0011974999943049625,19,18
ionosphere,0,8,0.0015568999951938167,25,18
ionosphere,1,4,0.0010026000090874732,19,18
ionosphere,1,8,0.004678800003603101,35,18
ionosphere,2,4,0.001940299989655614,13,18
ionosphere,2,8,0.0012885000032838434,15,18
ionosphere,3,4,0.0010352000099373981,11,18
ionosphere,3,8,0.0013551000010920689,23,18
ionosphere,4,4,0.000945099993259646,13,18
ionosphere,4,8,0.0013299999991431832,17,18
ionosphere,5,4,0.0022303000005194917,19,18
ionosphere,5,8,0.0013082999939797446,27,18
ionosphere,6,4,0.0014094999933149666,13,18
ionosphere,6,8,0.0026467999996384606,21,18
ionosphere,7,4,0.0017336000018985942,19,18
ionosphere,7,8,0.004325300003984012,31,18
ionosphere,8,4,0.0009923000034177676,13,18
ionosphere,8,8,0.0019050999981118366,29,18
ionosphere,9,4,0.001153699995484203,17,18
ionosphere,9,8,0.0011895000061485916,21,18
sonar,0,4,0.0010037000029115006,19,11
sonar,0,8,0.001432900011423044,27,11
sonar,1,4,0.0022353999956976622,25,11
sonar,1,8,0.0011771000135922804,27,11
sonar,2,4,0.0009618999902158976,17,11
sonar,2,8,0.0030279000056907535,21,11
sonar,3,4,0.0014311999984784052,19,11
sonar,3,8,0.002311800009920262,27,11
sonar,4,4,0.0012408000038703904,19,11
sonar,4,8,0.0019862000044668093,21,11
sonar,5,4,0.0018936999986181036,19,11
sonar,5,8,0.0016691999917384237,27,11
sonar,6,4,0.0009886000043479726,21,11
sonar,6,8,0.0009504000045126304,21,11
sonar,7,4,0.0009955999994417652,23,11
sonar,7,8,0.001195499993627891,27,11
sonar,8,4,0.001004400008241646,19,11
sonar,8,8,0.0012029999925289303,21,11
sonar,9,4,0.0014343000075314194,21,11
sonar,9,8,0.0011744999937945977,21,11
internet-ads,0,4,0.04298299999209121,25,20
internet-ads,0,8,0.06313470000168309,61,20
internet-ads,1,4,0.035134899997501634,21,20
internet-ads,1,8,0.061600900007761084,43,20
internet-ads,2,4,0.029619199995067902,21,20
internet-ads,2,8,0.0643053000094369,55,20
internet-ads,3,4,0.029515700007323176,23,20
internet-ads,3,8,0.07435609999811277,49,20
internet-ads,4,4,0.028997500005061738,21,20
internet-ads,4,8,0.06592000000819098,47,20
internet-ads,5,4,0.05287470000621397,25,20
internet-ads,5,8,0.057016399994608946,53,20
internet-ads,6,4,0.037029200000688434,23,20
internet-ads,6,8,0.083718099995167,51,20
internet-ads,7,4,0.0565991000039503,19,20
internet-ads,7,8,0.0534448000107659,41,20
internet-ads,8,4,0.041465500005870126,25,20
internet-ads,8,8,0.09198290000495035,43,20
internet-ads,9,4,0.03025270000216551,23,20
internet-ads,9,8,0.08021439998992719,61,20
