dataset,n,d,knn,cluster,H,faith_k1,faith_k1_std,faith_k2
diabetes,768,8,0.6895833333333332,0.6155669835866282,0.6673784284093217,0.7467091359376303,0.25054400573514474,0.8112824314089527
blood,748,4,0.7197860962566844,0.7580816911825013,0.7312747747344295,0.7957668533221106,0.24993739077434052,0.863322057321308
sonar,208,60,0.7932692307692307,0.6452647388921898,0.7488678832061184,0.6692130512218571,0.23600985925489515,0.766356005455601
synthetic_lowsep,800,10,0.8029999999999999,0.6440029935759511,0.7553008980727853,0.6444336055798651,0.23675619817036933,0.7238912561039935
synthetic_d50,1000,50,0.81,0.6760069279161984,0.7698020783748595,0.5693546487544244,0.17904881882107304,0.6996180530748973
synthetic_d20,800,20,0.81375,0.690794589939801,0.7768633769819402,0.6369247619612866,0.22555449799965058,0.7781085411290154
ionosphere,351,34,0.8330484330484331,0.8899222120392516,0.8501105667456785,0.7372030998209997,0.2721453353714387,0.8880545157417711
synthetic_d8,500,8,0.8932,0.8383545390845846,0.8767463617253752,0.6638295358669898,0.23870398583206995,0.7788467785060111
breast_cancer,569,30,0.947627416520211,0.8410870326810471,0.9156653013684618,0.8795661879078863,0.20225542355290807,0.9340022494963133
iris,100,4,0.914,0.955952380952381,0.9265857142857143,0.8796082508277632,0.23751394576439955,0.9604526701368806
banknote,1372,4,0.9982507288629737,0.7795218230804185,0.9326320571282072,0.7636860139177857,0.2692354857539084,0.8820068527871607
wine,130,13,0.9400000000000001,0.9504575163398693,0.9431372549019608,0.9154475563218042,0.18924055953812727,1.0
climate,3279,1558,0.9439463250991157,0.9732836284560422,0.9527475161061936,0.8846891031805029,0.2069036414198053,0.9479223983136356
digits-35,365,64,0.9863013698630136,0.9614114114114114,0.978834382327533,0.9172471947398351,0.1835297018196293,0.9686640908612251
