dataset,n,d,H,faith_s1,faith_s1_std,faith_s2
diabetes,768,8,0.6673784284093217,0.763678062311364,0.1863056837878125,0.8388784282030868
blood,748,4,0.7312747747344295,0.9151334438374721,0.1835008370002754,0.9261285335399428
sonar,208,60,0.7488678832061184,0.5560641374808497,0.12348631874704984,0.5483583932946198
synthetic_lowsep,800,10,0.7553008980727853,0.584981594219308,0.11491603494574996,0.6172203950815084
synthetic_d50,1000,50,0.7698020783748595,0.582319290573468,0.11744470178449594,0.6043107205798091
synthetic_d20,800,20,0.7768633769819402,0.6533910345724977,0.14455698258181865,0.702162557952694
ionosphere,351,34,0.8501105667456785,0.6840849170557923,0.1898125576910955,0.6776798398332945
synthetic_d8,500,8,0.8767463617253752,0.6647642195659728,0.14481492784884856,0.7495427452310762
breast_cancer,569,30,0.9156653013684618,0.7271202606328471,0.1937400748033419,0.7741843307791559
iris,100,4,0.9265857142857143,0.9203037864187817,0.15183694864218666,0.9424164609459861
banknote,1372,4,0.9326320571282072,0.6677654261382298,0.15041840465142234,0.7381345092067111
wine,130,13,0.9431372549019608,0.8386371290377793,0.14617243183898657,0.9102869729614937
climate,3279,1558,0.9527475161061936,0.8048415624104754,0.20210819007285677,0.8284529750349074
digits-35,365,64,0.978834382327533,0.8458042972895161,0.17227397147494758,0.8876932541443787
