k,metric,mean,ci_lo,ci_hi,family
1,precision,0.6941455533904825,0.6257364274864258,0.7630776836564169,linear_coefficient
1,coverage,0.6246585959463468,0.5428451250538449,0.7203318456282046,linear_coefficient
1,evaluable,1.0,1.0,1.0,linear_coefficient
1,lift,0.1268398728747002,0.06840354037148821,0.19475899388660833,linear_coefficient
1,fit_minus_reference,0.0013260650594881845,-0.00626114607488172,0.009360071479537067,linear_coefficient
2,precision,0.7609969625246193,0.6935525689434769,0.8274915733828299,linear_coefficient
2,coverage,0.6005222254194098,0.5263806262768657,0.6894106892445213,linear_coefficient
2,evaluable,1.0,1.0,1.0,linear_coefficient
2,lift,0.1936912820088371,0.12139817310137531,0.2716723279637296,linear_coefficient
2,fit_minus_reference,0.0029963533572639647,-0.004121851128796186,0.011280854924686569,linear_coefficient
4,precision,0.8537091851720213,0.7885499926140176,0.9148671347641527,linear_coefficient
4,coverage,0.5838616992842655,0.5193977631812082,0.6630141715539412,linear_coefficient
4,evaluable,1.0,1.0,1.0,linear_coefficient
4,lift,0.286403504656239,0.2084419776814913,0.3641800460552851,linear_coefficient
4,fit_minus_reference,0.0028390766598826215,-0.004396957579976419,0.010590367019355252,linear_coefficient
8,precision,0.9095987032047564,0.8437246265570342,0.9636023769466585,linear_coefficient
8,coverage,0.5781862063943295,0.5147205448776195,0.6556991116271741,linear_coefficient
8,evaluable,1.0,1.0,1.0,linear_coefficient
8,lift,0.3422930226889741,0.2538926161854763,0.42197171143323176,linear_coefficient
8,fit_minus_reference,0.0024366228527071773,-0.0016044142082929929,0.006647797361064036,linear_coefficient
1,precision,0.7311559795079484,0.6695341258371104,0.7945053490961727,linear_local
1,coverage,0.5861288887015552,0.5105954044304281,0.6766390924878967,linear_local
1,evaluable,0.9992481203007519,0.9969924812030075,1.0,linear_local
1,lift,0.1638792174421372,0.1048778158531512,0.2308266803954237,linear_local
1,fit_minus_reference,6.510341111620842e-05,-0.007245472856337889,0.00791893500940925,linear_local
2,precision,0.7664895965917742,0.7043753599104232,0.8281295997113884,linear_local
2,coverage,0.5848839210364147,0.5215713199109263,0.6615378485516984,linear_local
2,evaluable,0.9978571428571428,0.9928571428571428,1.0,linear_local
2,lift,0.19829908203968155,0.13581145451560792,0.2631641792363904,linear_local
2,fit_minus_reference,0.0002119765070415262,-0.0061919141356249945,0.0067306230287594365,linear_local
4,precision,0.8516249276161449,0.7890344810848535,0.9127183852522501,linear_local
4,coverage,0.5756270248692291,0.5144103288662855,0.650401636719734,linear_local
4,evaluable,0.9992857142857143,0.9971428571428572,1.0,linear_local
4,lift,0.28385473215446133,0.2093565502968571,0.3611240306379835,linear_local
4,fit_minus_reference,0.0026088215862273656,-0.0024286964904679936,0.008216950963947927,linear_local
8,precision,0.9050767291865327,0.8466358407846369,0.9564271293221349,linear_local
8,coverage,0.575932920737643,0.5146367929092674,0.6504361311330222,linear_local
8,evaluable,1.0,1.0,1.0,linear_local
8,lift,0.3377710486707503,0.25874579057558844,0.41056081230203384,linear_local
8,fit_minus_reference,0.0019610675129746627,-0.0022022839791452135,0.0070175693052738795,linear_local
1,precision,0.6414017716774617,0.5863313444048922,0.7007217103702021,relu_gate
1,coverage,0.5165783138602192,0.4912454569750669,0.5461806875387105,relu_gate
1,evaluable,1.0,1.0,1.0,relu_gate
1,lift,0.10571276179961439,0.0553710869468832,0.16310463255139362,relu_gate
1,fit_minus_reference,-0.0031547874294055897,-0.013431582327133975,0.006990201035883449,relu_gate
2,precision,0.6894173090154699,0.6262571370552771,0.754581476066606,relu_gate
2,coverage,0.31728983381330106,0.2835550742498459,0.355210455742243,relu_gate
2,evaluable,1.0,1.0,1.0,relu_gate
2,lift,0.15372829913762248,0.09203698105800802,0.2211998293001734,relu_gate
2,fit_minus_reference,-0.0017606975073171194,-0.013102210193767847,0.009891566032291523,relu_gate
4,precision,0.7526402370958606,0.6810382276146865,0.8222909122321026,relu_gate
4,coverage,0.15288142781238862,0.11692881438299178,0.19176370889561492,relu_gate
4,evaluable,0.9764892417523997,0.9563433277249068,0.9911979307242466,relu_gate
4,lift,0.21643948873818708,0.14635833766676495,0.2863250930806796,relu_gate
4,fit_minus_reference,-0.0032596406559989694,-0.025693900363625278,0.028543591742923802,relu_gate
8,precision,0.8350661068455151,0.7671615719743266,0.8952283043934482,relu_gate
8,coverage,0.06685321609574128,0.041570123171116705,0.09478931614775811,relu_gate
8,evaluable,0.8011950038265827,0.7371193280403805,0.8645444161102055,relu_gate
8,lift,0.295550458713235,0.2258490540916349,0.36492871094653173,relu_gate
8,fit_minus_reference,-0.009487179254932109,-0.04063477565817378,0.017470661018304186,relu_gate
32,precision,0.9863325889796477,0.9491150947982498,1.0,relu_gate
32,coverage,0.004596125545820607,0.0015626303963013329,0.008493041947337382,relu_gate
32,evaluable,0.19101687785898308,0.07148843262001156,0.33510641989589357,relu_gate
32,lift,0.45838545601350505,0.389895473025063,0.5034795900420599,relu_gate
32,fit_minus_reference,-0.05198939887430935,-0.20858796296296295,0.0,relu_gate
1,precision,0.7331900443653501,0.6655155963793632,0.7992585880947854,tree
1,coverage,0.5742061754680531,0.5260461921430445,0.6317303347176975,tree
1,evaluable,1.0,1.0,1.0,tree
1,lift,0.18614680906111714,0.11821068974713618,0.2574814239371052,tree
1,fit_minus_reference,0.00427864184534383,-0.0025297076420867713,0.010341338974295032,tree
2,precision,0.807183450210336,0.7406646741917218,0.8710143029301111,tree
2,coverage,0.4234684464003908,0.3652354654221995,0.491109317897403,tree
2,evaluable,0.9987012987012988,0.9948051948051948,1.0,tree
2,lift,0.26000035476624334,0.18917485455465344,0.33000511823816564,tree
2,fit_minus_reference,0.0018249394217061047,-0.005636356450116779,0.009977565814117016,tree
4,precision,0.90045770453063,0.8480802109649493,0.9482144383801625,tree
4,coverage,0.312526277242453,0.22775269134397103,0.40784648413442054,tree
4,evaluable,0.9851149518818693,0.9696140649242154,0.9955597326649958,tree
4,lift,0.3528372317941522,0.2872789463438041,0.41621842862278285,tree
4,fit_minus_reference,0.004110810546582934,-0.0008174783384158322,0.009702861631817772,tree
8,precision,1.0,1.0,1.0,tree
8,coverage,0.26423151823388263,0.16928375054852654,0.3717846593871728,tree
8,evaluable,0.9606705074374248,0.9400906663303278,0.9782681555078171,tree
8,lift,0.4510099069140537,0.4009547521294792,0.4888449539968033,tree
8,fit_minus_reference,0.0,0.0,0.0,tree
