family,k,precision,coverage,evaluable,lift,fit_minus_reference
linear_coefficient,1,0.6941455533904826,0.6246585959463469,1.0,0.1268398728747002,0.0013260650594881845
linear_coefficient,2,0.7609969625246195,0.6005222254194098,1.0,0.1936912820088371,0.0029963533572639647
linear_coefficient,4,0.8537091851720213,0.5838616992842655,1.0,0.2864035046562389,0.0028390766598826215
linear_coefficient,8,0.9095987032047566,0.5781862063943295,1.0,0.3422930226889741,0.0024366228527071764
linear_local,1,0.7311559795079485,0.5861288887015553,0.9992481203007519,0.1638792174421372,6.510341111620818e-05
linear_local,2,0.7664895965917742,0.5848839210364147,0.9978571428571429,0.19829908203968152,0.0002119765070415262
linear_local,4,0.8516249276161449,0.5756270248692291,0.9992857142857143,0.2838547321544613,0.0026088215862273656
linear_local,8,0.9050767291865327,0.575932920737643,1.0,0.3377710486707503,0.0019610675129746627
relu_gate,1,0.6414017716774617,0.5165783138602192,1.0,0.10571276179961443,-0.003154787429405591
relu_gate,2,0.6894173090154698,0.31728983381330106,1.0,0.1537282991376225,-0.0017606975073171196
relu_gate,4,0.7526402370958606,0.15288142781238856,0.9764892417523997,0.21643948873818708,-0.0032596406559989694
relu_gate,8,0.8350661068455151,0.06685321609574128,0.8011950038265828,0.295550458713235,-0.00948717925493211
relu_gate,32,0.9863325889796477,0.004596125545820607,0.19101687785898314,0.458385456013505,-0.05198939887430935
tree,1,0.73319004436535,0.5742061754680531,1.0,0.18614680906111716,0.00427864184534383
tree,2,0.8071834502103361,0.4234684464003907,0.9987012987012988,0.26000035476624334,0.0018249394217061047
tree,4,0.90045770453063,0.3125262772424531,0.9851149518818693,0.3528372317941522,0.004110810546582935
tree,8,1.0,0.26423151823388263,0.9606705074374248,0.4510099069140536,0.0
