dataset,seed,depth,query_index,class,method,length,full_length,candidates_tested,extraction_ms,ref_count,ref_success,coverage,precision,evaluable,below_target
wine,0,8,2,0,minimum_exact_subset,2,2,4,0.0858000130392611,17,17,0.5151515151515151,1.0,1,0.0
wine,0,8,2,0,minimum_empirical_subset,2,2,4,0.04719999560620636,17,17,0.5151515151515151,1.0,1,0.0
wine,0,8,46,0,minimum_exact_subset,2,2,4,0.04499999340623617,17,17,0.5151515151515151,1.0,1,0.0
wine,0,8,46,0,minimum_empirical_subset,2,2,4,0.028000009479001164,17,17,0.5151515151515151,1.0,1,0.0
wine,0,8,49,0,minimum_exact_subset,2,2,4,0.042799991206265986,17,17,0.5151515151515151,1.0,1,0.0
wine,0,8,49,0,minimum_empirical_subset,2,2,4,0.025999994250014424,17,17,0.5151515151515151,1.0,1,0.0
wine,0,8,84,1,minimum_exact_subset,1,1,2,0.02540000423323363,14,14,0.42424242424242425,1.0,1,0.0
wine,0,8,84,1,minimum_empirical_subset,1,1,2,0.012799995602108538,14,14,0.42424242424242425,1.0,1,0.0
wine,0,8,121,1,minimum_exact_subset,1,2,3,0.03539999306667596,11,11,0.3333333333333333,1.0,1,0.0
wine,0,8,121,1,minimum_empirical_subset,1,2,3,0.020000006770715117,11,11,0.3333333333333333,1.0,1,0.0
wine,1,8,9,0,minimum_exact_subset,2,2,4,0.0838999985717237,14,14,0.42424242424242425,1.0,1,0.0
wine,1,8,9,0,minimum_empirical_subset,1,2,3,0.030799987143836915,16,14,0.48484848484848486,0.875,1,1.0
wine,1,8,54,0,minimum_exact_subset,2,2,4,0.05049999163020402,14,14,0.42424242424242425,1.0,1,0.0
wine,1,8,54,0,minimum_empirical_subset,1,2,3,0.021800005924887955,16,14,0.48484848484848486,0.875,1,1.0
wine,1,8,73,1,minimum_exact_subset,1,2,3,0.037999998312443495,14,14,0.42424242424242425,1.0,1,0.0
wine,1,8,73,1,minimum_empirical_subset,1,2,3,0.021499989088624716,14,14,0.42424242424242425,1.0,1,0.0
wine,1,8,89,1,minimum_exact_subset,1,1,2,0.026900001103058457,17,17,0.5151515151515151,1.0,1,0.0
wine,1,8,89,1,minimum_empirical_subset,1,1,2,0.01619999238755554,17,17,0.5151515151515151,1.0,1,0.0
wine,1,8,102,1,minimum_exact_subset,1,1,2,0.02649999805726111,17,17,0.5151515151515151,1.0,1,0.0
wine,1,8,102,1,minimum_empirical_subset,1,1,2,0.013999990187585354,17,17,0.5151515151515151,1.0,1,0.0
wine,2,8,8,0,minimum_exact_subset,2,2,4,0.06649999704677612,19,19,0.5757575757575758,1.0,1,0.0
wine,2,8,8,0,minimum_empirical_subset,1,2,3,0.027599991881288588,20,19,0.6060606060606061,0.95,1,0.0
wine,2,8,44,0,minimum_exact_subset,2,2,4,0.04410000110510737,19,19,0.5757575757575758,1.0,1,0.0
wine,2,8,44,0,minimum_empirical_subset,1,2,3,0.019500002963468432,20,19,0.6060606060606061,0.95,1,0.0
wine,2,8,47,0,minimum_exact_subset,2,2,4,0.04299999272916466,19,19,0.5757575757575758,1.0,1,0.0
wine,2,8,47,0,minimum_empirical_subset,1,2,3,0.01889999839477241,20,19,0.6060606060606061,0.95,1,0.0
wine,2,8,100,1,minimum_exact_subset,1,1,2,0.02580000727903098,13,13,0.3939393939393939,1.0,1,0.0
wine,2,8,100,1,minimum_empirical_subset,1,1,2,0.013199998647905886,13,13,0.3939393939393939,1.0,1,0.0
wine,2,8,120,1,minimum_exact_subset,1,1,2,0.023100001271814108,13,13,0.3939393939393939,1.0,1,0.0
wine,2,8,120,1,minimum_empirical_subset,1,1,2,0.012499993317760527,13,13,0.3939393939393939,1.0,1,0.0
breast_cancer,0,8,8,0,minimum_exact_subset,3,3,8,0.3149000112898648,5,5,0.035211267605633804,1.0,1,0.0
breast_cancer,0,8,8,0,minimum_empirical_subset,1,3,4,0.10509999992791563,47,44,0.33098591549295775,0.9361702127659575,1,1.0
breast_cancer,0,8,116,1,minimum_exact_subset,2,3,7,0.23499999952036887,84,84,0.5915492957746479,1.0,1,0.0
breast_cancer,0,8,116,1,minimum_empirical_subset,2,3,7,0.1686000032350421,86,84,0.6056338028169014,0.9767441860465116,1,0.0
breast_cancer,0,8,151,1,minimum_exact_subset,2,3,7,0.23600000713486224,84,84,0.5915492957746479,1.0,1,0.0
breast_cancer,0,8,151,1,minimum_empirical_subset,2,3,7,0.16429999959655106,86,84,0.6056338028169014,0.9767441860465116,1,0.0
breast_cancer,0,8,161,0,minimum_exact_subset,2,2,4,0.14059999375604093,46,46,0.323943661971831,1.0,1,0.0
breast_cancer,0,8,161,0,minimum_empirical_subset,1,2,3,0.06679999933112413,46,46,0.323943661971831,1.0,1,0.0
breast_cancer,0,8,254,0,minimum_exact_subset,2,2,4,0.13830000534653664,46,46,0.323943661971831,1.0,1,0.0
breast_cancer,0,8,254,0,minimum_empirical_subset,1,2,3,0.06489999941550195,46,46,0.323943661971831,1.0,1,0.0
breast_cancer,1,8,35,0,minimum_exact_subset,3,3,8,0.34240000240970403,44,44,0.30985915492957744,1.0,1,0.0
breast_cancer,1,8,35,0,minimum_empirical_subset,1,3,4,0.10130000009667128,49,46,0.34507042253521125,0.9387755102040817,1,1.0
breast_cancer,1,8,145,1,minimum_exact_subset,5,5,32,1.1543000000528991,71,71,0.5,1.0,1,0.0
breast_cancer,1,8,145,1,minimum_empirical_subset,2,5,16,0.3873999958159402,85,83,0.5985915492957746,0.9764705882352941,1,0.0
breast_cancer,1,8,274,0,minimum_exact_subset,3,3,8,0.2986000035889447,4,4,0.028169014084507043,1.0,1,0.0
breast_cancer,1,8,274,0,minimum_empirical_subset,1,3,4,0.08939999679569155,42,40,0.29577464788732394,0.9523809523809523,1,0.0
breast_cancer,1,8,378,1,minimum_exact_subset,5,5,32,1.1386000114725903,71,71,0.5,1.0,1,0.0
breast_cancer,1,8,378,1,minimum_empirical_subset,2,5,16,0.3708000003825873,85,83,0.5985915492957746,0.9764705882352941,1,0.0
breast_cancer,1,8,550,1,minimum_exact_subset,5,5,32,1.1436000058893114,71,71,0.5,1.0,1,0.0
breast_cancer,1,8,550,1,minimum_empirical_subset,2,5,16,0.3708000003825873,85,83,0.5985915492957746,0.9764705882352941,1,0.0
breast_cancer,2,8,74,1,minimum_exact_subset,5,5,32,0.3882000019075349,81,81,0.5704225352112676,1.0,1,0.0
breast_cancer,2,8,74,1,minimum_empirical_subset,2,5,16,0.1264000020455569,87,82,0.6126760563380281,0.9425287356321839,1,1.0
breast_cancer,2,8,283,0,minimum_exact_subset,2,2,4,0.048699992476031184,42,42,0.29577464788732394,1.0,1,0.0
breast_cancer,2,8,283,0,minimum_empirical_subset,1,2,3,0.02099999983329326,42,42,0.29577464788732394,1.0,1,0.0
breast_cancer,2,8,415,1,minimum_exact_subset,5,5,32,0.36410000757314265,81,81,0.5704225352112676,1.0,1,0.0
breast_cancer,2,8,415,1,minimum_empirical_subset,2,5,16,0.11500000255182385,87,82,0.6126760563380281,0.9425287356321839,1,1.0
breast_cancer,2,8,468,0,minimum_exact_subset,2,2,4,0.046899993321858346,42,42,0.29577464788732394,1.0,1,0.0
breast_cancer,2,8,468,0,minimum_empirical_subset,1,2,3,0.02020000829361379,42,42,0.29577464788732394,1.0,1,0.0
breast_cancer,2,8,504,0,minimum_exact_subset,5,6,63,0.7451999990735203,2,2,0.014084507042253521,1.0,1,0.0
breast_cancer,2,8,504,0,minimum_empirical_subset,6,6,64,0.5270999972708523,2,2,0.014084507042253521,1.0,1,0.0
digits-35,0,8,1,1,minimum_exact_subset,3,3,8,0.11619999713730067,2,2,0.02197802197802198,1.0,1,0.0
digits-35,0,8,1,1,minimum_empirical_subset,1,3,4,0.033899996196851134,14,11,0.15384615384615385,0.7857142857142857,1,1.0
digits-35,0,8,166,1,minimum_exact_subset,3,3,8,0.0923000043258071,48,48,0.5274725274725275,1.0,1,0.0
digits-35,0,8,166,1,minimum_empirical_subset,2,3,7,0.05129999772179872,50,48,0.5494505494505495,0.96,1,0.0
digits-35,0,8,206,0,minimum_exact_subset,2,2,4,0.04849999095313251,34,34,0.37362637362637363,1.0,1,0.0
digits-35,0,8,206,0,minimum_empirical_subset,1,2,3,0.020199993741698563,39,37,0.42857142857142855,0.9487179487179487,1,1.0
digits-35,0,8,221,1,minimum_exact_subset,3,3,8,0.08880000677891076,48,48,0.5274725274725275,1.0,1,0.0
digits-35,0,8,221,1,minimum_empirical_subset,2,3,7,0.04630000330507755,50,48,0.5494505494505495,0.96,1,0.0
digits-35,0,8,343,0,minimum_exact_subset,2,2,4,0.04710000939667225,34,34,0.37362637362637363,1.0,1,0.0
digits-35,0,8,343,0,minimum_empirical_subset,1,2,3,0.018399994587525725,39,37,0.42857142857142855,0.9487179487179487,1,1.0
digits-35,1,8,50,0,minimum_exact_subset,1,1,2,0.049299997044727206,49,49,0.5384615384615384,1.0,1,0.0
digits-35,1,8,50,0,minimum_empirical_subset,1,1,2,0.02099999983329326,49,49,0.5384615384615384,1.0,1,0.0
digits-35,1,8,94,0,minimum_exact_subset,1,1,2,0.026900001103058457,49,49,0.5384615384615384,1.0,1,0.0
digits-35,1,8,94,0,minimum_empirical_subset,1,1,2,0.013900003978051245,49,49,0.5384615384615384,1.0,1,0.0
digits-35,1,8,242,0,minimum_exact_subset,2,3,7,0.0754000066081062,29,29,0.31868131868131866,1.0,1,0.0
digits-35,1,8,242,0,minimum_empirical_subset,1,3,4,0.026699999580159783,32,30,0.3516483516483517,0.9375,1,1.0
digits-35,1,8,272,1,minimum_exact_subset,3,3,8,0.08429998706560582,37,37,0.4065934065934066,1.0,1,0.0
digits-35,1,8,272,1,minimum_empirical_subset,2,3,7,0.04809998790733516,38,37,0.4175824175824176,0.9736842105263158,1,0.0
digits-35,1,8,349,0,minimum_exact_subset,1,1,2,0.02510000194888562,49,49,0.5384615384615384,1.0,1,0.0
digits-35,1,8,349,0,minimum_empirical_subset,1,1,2,0.012799995602108538,49,49,0.5384615384615384,1.0,1,0.0
digits-35,2,8,27,0,minimum_exact_subset,3,3,8,0.388599990401417,40,40,0.43956043956043955,1.0,1,0.0
digits-35,2,8,27,0,minimum_empirical_subset,1,3,4,0.10130000009667128,49,41,0.5384615384615384,0.8367346938775511,1,1.0
digits-35,2,8,128,0,minimum_exact_subset,3,3,8,0.2741000062087551,40,40,0.43956043956043955,1.0,1,0.0
digits-35,2,8,128,0,minimum_empirical_subset,1,3,4,0.08789999992586672,49,41,0.5384615384615384,0.8367346938775511,1,1.0
digits-35,2,8,151,1,minimum_exact_subset,2,2,4,0.13939999917056412,45,45,0.4945054945054945,1.0,1,0.0
digits-35,2,8,151,1,minimum_empirical_subset,2,2,4,0.09099999442696571,45,45,0.4945054945054945,1.0,1,0.0
digits-35,2,8,224,0,minimum_exact_subset,3,3,8,0.26760000037029386,40,40,0.43956043956043955,1.0,1,0.0
digits-35,2,8,224,0,minimum_empirical_subset,1,3,4,0.0923999905353412,49,41,0.5384615384615384,0.8367346938775511,1,1.0
digits-35,2,8,271,0,minimum_exact_subset,3,3,8,0.3107000084128231,40,40,0.43956043956043955,1.0,1,0.0
digits-35,2,8,271,0,minimum_empirical_subset,1,3,4,0.09549999958835542,49,41,0.5384615384615384,0.8367346938775511,1,1.0
banknote,0,8,47,1,minimum_exact_subset,3,3,8,0.12409999908413738,20,20,0.05830903790087463,1.0,1,0.0
banknote,0,8,47,1,minimum_empirical_subset,2,3,7,0.062099992646835744,68,68,0.19825072886297376,1.0,1,0.0
banknote,0,8,540,1,minimum_exact_subset,2,4,11,0.11470000026747584,109,109,0.3177842565597668,1.0,1,0.0
banknote,0,8,540,1,minimum_empirical_subset,1,4,5,0.03680000372696668,128,124,0.37317784256559766,0.96875,1,0.0
banknote,0,8,553,1,minimum_exact_subset,2,4,11,0.11809999705292284,109,109,0.3177842565597668,1.0,1,0.0
banknote,0,8,553,1,minimum_empirical_subset,1,4,5,0.03619999915827066,128,124,0.37317784256559766,0.96875,1,0.0
banknote,0,8,566,1,minimum_exact_subset,2,4,11,0.12120000610593706,109,109,0.3177842565597668,1.0,1,0.0
banknote,0,8,566,1,minimum_empirical_subset,1,4,5,0.03609999839682132,128,124,0.37317784256559766,0.96875,1,0.0
banknote,0,8,1122,0,minimum_exact_subset,3,6,42,0.4735999973490834,86,86,0.25072886297376096,1.0,1,0.0
banknote,0,8,1122,0,minimum_empirical_subset,3,6,42,0.35539999953471124,103,99,0.30029154518950435,0.9611650485436893,1,0.0
banknote,1,8,89,1,minimum_exact_subset,2,4,11,0.15800000983290374,106,106,0.30903790087463556,1.0,1,0.0
banknote,1,8,89,1,minimum_empirical_subset,1,4,5,0.043799998820759356,154,141,0.4489795918367347,0.9155844155844156,1,1.0
banknote,1,8,137,1,minimum_exact_subset,2,4,11,0.11629999789875001,106,106,0.30903790087463556,1.0,1,0.0
banknote,1,8,137,1,minimum_empirical_subset,1,4,5,0.035200006095692515,154,141,0.4489795918367347,0.9155844155844156,1,1.0
banknote,1,8,716,1,minimum_exact_subset,3,4,15,0.16129999130498618,12,12,0.03498542274052478,1.0,1,0.0
banknote,1,8,716,1,minimum_empirical_subset,2,4,11,0.08700000762473792,60,57,0.1749271137026239,0.95,1,0.0
banknote,1,8,974,0,minimum_exact_subset,2,3,7,0.07419999747071415,8,8,0.023323615160349854,1.0,1,0.0
banknote,1,8,974,0,minimum_empirical_subset,1,3,4,0.027799993404187262,35,35,0.10204081632653061,1.0,1,0.0
banknote,1,8,1259,0,minimum_exact_subset,4,5,31,0.3567000094335526,67,67,0.19533527696793002,1.0,1,0.0
banknote,1,8,1259,0,minimum_empirical_subset,2,5,16,0.148899998748675,114,112,0.3323615160349854,0.9824561403508771,1,0.0
banknote,2,8,68,1,minimum_exact_subset,3,5,26,0.33710000570863485,78,78,0.22740524781341107,1.0,1,0.0
banknote,2,8,68,1,minimum_empirical_subset,2,5,16,0.1469000126235187,114,114,0.3323615160349854,1.0,1,0.0
banknote,2,8,308,1,minimum_exact_subset,2,3,7,0.08349999552592635,126,126,0.3673469387755102,1.0,1,0.0
banknote,2,8,308,1,minimum_empirical_subset,1,3,4,0.030399998649954796,126,126,0.3673469387755102,1.0,1,0.0
banknote,2,8,795,0,minimum_exact_subset,3,5,26,0.3285999991931021,57,57,0.1661807580174927,1.0,1,0.0
banknote,2,8,795,0,minimum_empirical_subset,3,5,26,0.24730000586714596,57,57,0.1661807580174927,1.0,1,0.0
banknote,2,8,1024,0,minimum_exact_subset,2,5,16,0.19409999367780983,39,39,0.11370262390670553,1.0,1,0.0
banknote,2,8,1024,0,minimum_empirical_subset,2,5,16,0.1412999990861863,118,115,0.34402332361516036,0.9745762711864406,1,0.0
banknote,2,8,1198,0,minimum_exact_subset,3,4,15,0.2906000008806586,84,84,0.24489795918367346,1.0,1,0.0
banknote,2,8,1198,0,minimum_empirical_subset,2,4,11,0.1379000023007393,118,115,0.34402332361516036,0.9745762711864406,1,0.0
blood,0,8,82,1,minimum_exact_subset,4,8,163,2.5462000048719347,2,2,0.0106951871657754,1.0,1,0.0
blood,0,8,82,1,minimum_empirical_subset,3,8,93,0.9506000060355291,28,27,0.1497326203208556,0.9642857142857143,1,0.0
blood,0,8,223,1,minimum_exact_subset,4,8,163,3.016799993929453,15,15,0.08021390374331551,1.0,1,0.0
blood,0,8,223,1,minimum_empirical_subset,2,8,37,0.36530000215861946,31,30,0.1657754010695187,0.967741935483871,1,0.0
blood,0,8,291,1,minimum_exact_subset,4,7,99,3.8349000096786767,5,5,0.026737967914438502,1.0,1,0.0
blood,0,8,291,1,minimum_empirical_subset,2,7,29,0.7622999983141199,58,54,0.31016042780748665,0.9310344827586207,1,1.0
blood,0,8,297,1,minimum_exact_subset,4,8,163,3.75809999241028,16,16,0.0855614973262032,1.0,1,0.0
blood,0,8,297,1,minimum_empirical_subset,2,8,37,1.4126000023679808,43,39,0.22994652406417113,0.9069767441860465,1,1.0
blood,0,8,500,0,minimum_exact_subset,4,6,57,2.6107000012416393,5,5,0.026737967914438502,1.0,1,0.0
blood,0,8,500,0,minimum_empirical_subset,6,6,64,1.4731999981449917,3,3,0.016042780748663103,1.0,1,0.0
blood,1,8,118,1,minimum_exact_subset,4,8,163,3.3703999943099916,7,7,0.0374331550802139,1.0,1,0.0
blood,1,8,118,1,minimum_empirical_subset,2,8,37,0.9547999943606555,34,29,0.18181818181818182,0.8529411764705882,1,1.0
blood,1,8,127,1,minimum_exact_subset,4,8,163,6.279900000663474,5,5,0.026737967914438502,1.0,1,0.0
blood,1,8,127,1,minimum_empirical_subset,2,8,37,0.9406000026501715,58,50,0.31016042780748665,0.8620689655172413,1,1.0
blood,1,8,387,1,minimum_exact_subset,3,8,93,3.3783000108087435,16,16,0.0855614973262032,1.0,1,0.0
blood,1,8,387,1,minimum_empirical_subset,1,8,9,0.20640000002458692,97,86,0.5187165775401069,0.8865979381443299,1,1.0
blood,1,8,509,1,minimum_exact_subset,4,8,163,6.1649999988731,2,2,0.0106951871657754,1.0,1,0.0
blood,1,8,509,1,minimum_empirical_subset,3,8,93,2.5289000041084364,2,2,0.0106951871657754,1.0,1,0.0
blood,1,8,735,1,minimum_exact_subset,3,8,93,3.486100002191961,13,13,0.06951871657754011,1.0,1,0.0
blood,1,8,735,1,minimum_empirical_subset,1,8,9,0.2330999996047467,97,86,0.5187165775401069,0.8865979381443299,1,1.0
blood,2,8,24,0,minimum_exact_subset,4,5,31,1.2052000092808157,0,0,0.0,,0,
blood,2,8,24,0,minimum_empirical_subset,2,5,16,0.4107999993721023,11,11,0.058823529411764705,1.0,1,0.0
blood,2,8,262,1,minimum_exact_subset,4,6,57,2.491299994289875,4,4,0.0213903743315508,1.0,1,0.0
blood,2,8,262,1,minimum_empirical_subset,3,6,42,0.7649000035598874,14,13,0.0748663101604278,0.9285714285714286,1,1.0
blood,2,8,334,1,minimum_exact_subset,3,6,42,0.9216999897034839,19,19,0.10160427807486631,1.0,1,0.0
blood,2,8,334,1,minimum_empirical_subset,1,6,7,0.23559998953714967,70,69,0.37433155080213903,0.9857142857142858,1,0.0
blood,2,8,585,1,minimum_exact_subset,3,8,93,1.169999988633208,30,30,0.16042780748663102,1.0,1,0.0
blood,2,8,585,1,minimum_empirical_subset,1,8,9,0.06799999391660094,70,69,0.37433155080213903,0.9857142857142858,1,0.0
blood,2,8,702,1,minimum_exact_subset,2,4,11,0.13780000153928995,22,22,0.11764705882352941,1.0,1,0.0
blood,2,8,702,1,minimum_empirical_subset,1,4,5,0.037299992982298136,70,69,0.37433155080213903,0.9857142857142858,1,0.0
diabetes,0,8,17,1,minimum_exact_subset,8,8,256,3.6481999995885417,39,39,0.203125,1.0,1,0.0
diabetes,0,8,17,1,minimum_empirical_subset,3,8,93,0.7611000037286431,98,90,0.5104166666666666,0.9183673469387755,1,1.0
diabetes,0,8,381,1,minimum_exact_subset,6,6,64,0.8098999969661236,30,30,0.15625,1.0,1,0.0
diabetes,0,8,381,1,minimum_empirical_subset,2,6,22,0.17720001051202416,47,45,0.24479166666666666,0.9574468085106383,1,0.0
diabetes,0,8,444,1,minimum_exact_subset,8,8,256,4.507900011958554,39,39,0.203125,1.0,1,0.0
diabetes,0,8,444,1,minimum_empirical_subset,3,8,93,1.3343000027816743,98,90,0.5104166666666666,0.9183673469387755,1,1.0
diabetes,0,8,452,1,minimum_exact_subset,5,6,63,1.1202000023331493,18,18,0.09375,1.0,1,0.0
diabetes,0,8,452,1,minimum_empirical_subset,2,6,22,0.2268999960506335,37,33,0.19270833333333334,0.8918918918918919,1,1.0
diabetes,0,8,508,0,minimum_exact_subset,4,5,31,1.0957000049529597,4,4,0.020833333333333332,1.0,1,0.0
diabetes,0,8,508,0,minimum_empirical_subset,5,5,32,0.942900005611591,4,4,0.020833333333333332,1.0,1,0.0
diabetes,1,8,151,1,minimum_exact_subset,4,4,16,0.6583999929716811,28,28,0.14583333333333334,1.0,1,0.0
diabetes,1,8,151,1,minimum_empirical_subset,2,4,11,0.27919998683501035,34,30,0.17708333333333334,0.8823529411764706,1,1.0
diabetes,1,8,174,1,minimum_exact_subset,6,8,247,4.506999990553595,22,22,0.11458333333333333,1.0,1,0.0
diabetes,1,8,174,1,minimum_empirical_subset,2,8,37,0.30590000096708536,72,68,0.375,0.9444444444444444,1,1.0
diabetes,1,8,419,1,minimum_exact_subset,4,4,16,0.222100003156811,28,28,0.14583333333333334,1.0,1,0.0
diabetes,1,8,419,1,minimum_empirical_subset,2,4,11,0.08959999831859022,34,30,0.17708333333333334,0.8823529411764706,1,1.0
diabetes,1,8,497,1,minimum_exact_subset,4,6,57,0.7433999999193475,20,20,0.10416666666666667,1.0,1,0.0
diabetes,1,8,497,1,minimum_empirical_subset,2,6,22,0.16029999824240804,70,67,0.3645833333333333,0.9571428571428572,1,0.0
diabetes,1,8,749,0,minimum_exact_subset,3,3,8,0.10250000923406333,1,1,0.005208333333333333,1.0,1,0.0
diabetes,1,8,749,0,minimum_empirical_subset,3,3,8,0.05769998824689537,1,1,0.005208333333333333,1.0,1,0.0
diabetes,2,8,84,0,minimum_exact_subset,6,8,247,4.019899992272258,0,0,0.0,,0,
diabetes,2,8,84,0,minimum_empirical_subset,2,8,37,0.3136999876005575,5,2,0.026041666666666668,0.4,1,1.0
diabetes,2,8,262,1,minimum_exact_subset,5,7,120,1.644699994358234,26,26,0.13541666666666666,1.0,1,0.0
diabetes,2,8,262,1,minimum_empirical_subset,2,7,29,0.26139999681618065,78,77,0.40625,0.9871794871794872,1,0.0
diabetes,2,8,383,1,minimum_exact_subset,4,5,31,0.3938999871024862,4,4,0.020833333333333332,1.0,1,0.0
diabetes,2,8,383,1,minimum_empirical_subset,2,5,16,0.11819999781437218,78,77,0.40625,0.9871794871794872,1,0.0
diabetes,2,8,472,1,minimum_exact_subset,5,8,219,3.03360000543762,26,26,0.13541666666666666,1.0,1,0.0
diabetes,2,8,472,1,minimum_empirical_subset,2,8,37,0.30189999961294234,78,77,0.40625,0.9871794871794872,1,0.0
diabetes,2,8,630,0,minimum_exact_subset,7,8,255,6.4655000023776665,2,2,0.010416666666666666,1.0,1,0.0
diabetes,2,8,630,0,minimum_empirical_subset,4,8,163,4.77080000564456,8,6,0.041666666666666664,0.75,1,1.0
sonar,0,8,6,0,minimum_exact_subset,4,6,57,2.2526999964611605,3,3,0.057692307692307696,1.0,1,0.0
sonar,0,8,6,0,minimum_empirical_subset,1,6,7,0.1657999964663759,11,10,0.21153846153846154,0.9090909090909091,1,1.0
sonar,0,8,66,0,minimum_exact_subset,3,3,8,0.30870000773575157,13,13,0.25,1.0,1,0.0
sonar,0,8,66,0,minimum_empirical_subset,2,3,7,0.17410000145900995,14,14,0.2692307692307692,1.0,1,0.0
sonar,0,8,84,0,minimum_exact_subset,4,4,16,0.6016999977873638,1,1,0.019230769230769232,1.0,1,0.0
sonar,0,8,84,0,minimum_empirical_subset,2,4,11,0.2518999972380698,7,7,0.1346153846153846,1.0,1,0.0
sonar,0,8,113,1,minimum_exact_subset,7,7,128,5.196300000534393,28,28,0.5384615384615384,1.0,1,0.0
sonar,0,8,113,1,minimum_empirical_subset,3,7,64,1.5917999990051612,31,28,0.5961538461538461,0.9032258064516129,1,1.0
sonar,0,8,181,1,minimum_exact_subset,7,7,128,5.240999991656281,28,28,0.5384615384615384,1.0,1,0.0
sonar,0,8,181,1,minimum_empirical_subset,3,7,64,1.6026999946916476,31,28,0.5961538461538461,0.9032258064516129,1,1.0
sonar,1,8,3,1,minimum_exact_subset,3,4,15,0.21749999723397195,2,2,0.038461538461538464,1.0,1,0.0
sonar,1,8,3,1,minimum_empirical_subset,4,4,16,0.12959999730810523,1,1,0.019230769230769232,1.0,1,0.0
sonar,1,8,10,0,minimum_exact_subset,3,3,8,0.1033000007737428,14,14,0.2692307692307692,1.0,1,0.0
sonar,1,8,10,0,minimum_empirical_subset,3,3,8,0.05980000423733145,14,14,0.2692307692307692,1.0,1,0.0
sonar,1,8,107,0,minimum_exact_subset,3,3,8,0.09890001092571765,14,14,0.2692307692307692,1.0,1,0.0
sonar,1,8,107,0,minimum_empirical_subset,3,3,8,0.0577000027988106,14,14,0.2692307692307692,1.0,1,0.0
sonar,1,8,154,1,minimum_exact_subset,4,4,16,0.199099988094531,3,3,0.057692307692307696,1.0,1,0.0
sonar,1,8,154,1,minimum_empirical_subset,2,4,11,0.07800001185387373,5,5,0.09615384615384616,1.0,1,0.0
sonar,1,8,179,1,minimum_exact_subset,4,4,16,0.2040999970631674,19,19,0.36538461538461536,1.0,1,0.0
sonar,1,8,179,1,minimum_empirical_subset,4,4,16,0.13440000475384295,19,19,0.36538461538461536,1.0,1,0.0
sonar,2,8,26,0,minimum_exact_subset,2,2,4,0.0746000005165115,12,12,0.23076923076923078,1.0,1,0.0
sonar,2,8,26,0,minimum_empirical_subset,2,2,4,0.03399999695830047,12,12,0.23076923076923078,1.0,1,0.0
sonar,2,8,47,1,minimum_exact_subset,6,6,64,0.8298999891849235,25,25,0.4807692307692308,1.0,1,0.0
sonar,2,8,47,1,minimum_empirical_subset,3,6,42,0.3232999879401177,28,26,0.5384615384615384,0.9285714285714286,1,1.0
sonar,2,8,49,1,minimum_exact_subset,6,6,64,0.7920000061858445,25,25,0.4807692307692308,1.0,1,0.0
sonar,2,8,49,1,minimum_empirical_subset,3,6,42,0.307999987853691,28,26,0.5384615384615384,0.9285714285714286,1,1.0
sonar,2,8,148,1,minimum_exact_subset,6,6,64,0.8139999990817159,25,25,0.4807692307692308,1.0,1,0.0
sonar,2,8,148,1,minimum_empirical_subset,3,6,42,0.32049999572336674,28,26,0.5384615384615384,0.9285714285714286,1,1.0
sonar,2,8,165,0,minimum_exact_subset,3,3,8,0.09919999865815043,4,4,0.07692307692307693,1.0,1,0.0
sonar,2,8,165,0,minimum_empirical_subset,3,3,8,0.04400000034365803,4,4,0.07692307692307693,1.0,1,0.0
