dataset,seed,model,accuracy,model_majority,warnings
iris,0,tree,0.96,0.56,[]
iris,0,linear,0.92,0.6,[]
iris,0,relu,0.92,0.6,[]
iris,1,tree,0.92,0.56,[]
iris,1,linear,0.92,0.56,[]
iris,1,relu,1.0,0.52,"[""Stochastic Optimizer: Maximum iterations (1500) reached and the optimization hasn't converged yet.""]"
iris,2,tree,0.84,0.52,[]
iris,2,linear,0.88,0.52,[]
iris,2,relu,0.84,0.52,[]
iris,3,tree,0.84,0.52,[]
iris,3,linear,0.92,0.56,[]
iris,3,relu,0.88,0.52,[]
iris,4,tree,0.96,0.56,[]
iris,4,linear,0.96,0.56,[]
iris,4,relu,0.96,0.56,[]
wine,0,tree,0.9090909090909091,0.5151515151515151,[]
wine,0,linear,0.9090909090909091,0.5151515151515151,[]
wine,0,relu,0.9090909090909091,0.5151515151515151,[]
wine,1,tree,0.9696969696969697,0.5757575757575758,[]
wine,1,linear,0.9696969696969697,0.5151515151515151,[]
wine,1,relu,0.9090909090909091,0.5454545454545454,[]
wine,2,tree,0.8787878787878788,0.5757575757575758,[]
wine,2,linear,1.0,0.5454545454545454,[]
wine,2,relu,0.9696969696969697,0.5151515151515151,[]
wine,3,tree,0.9393939393939394,0.5454545454545454,[]
wine,3,linear,1.0,0.5151515151515151,[]
wine,3,relu,1.0,0.5151515151515151,[]
wine,4,tree,0.8484848484848485,0.6363636363636364,[]
wine,4,linear,0.9696969696969697,0.5151515151515151,[]
wine,4,relu,0.9696969696969697,0.5151515151515151,[]
breast_cancer,0,tree,0.8802816901408451,0.6267605633802817,[]
breast_cancer,0,linear,0.9647887323943662,0.6267605633802817,[]
breast_cancer,0,relu,0.9436619718309859,0.6338028169014085,[]
breast_cancer,1,tree,0.9436619718309859,0.6338028169014085,[]
breast_cancer,1,linear,0.9788732394366197,0.6408450704225352,[]
breast_cancer,1,relu,0.971830985915493,0.6338028169014085,[]
breast_cancer,2,tree,0.9154929577464789,0.6197183098591549,[]
breast_cancer,2,linear,0.9577464788732394,0.676056338028169,[]
breast_cancer,2,relu,0.9507042253521126,0.6549295774647887,[]
breast_cancer,3,tree,0.9154929577464789,0.6408450704225352,[]
breast_cancer,3,linear,0.9577464788732394,0.6549295774647887,[]
breast_cancer,3,relu,0.9507042253521126,0.647887323943662,[]
breast_cancer,4,tree,0.8732394366197183,0.6408450704225352,[]
breast_cancer,4,linear,0.971830985915493,0.6408450704225352,[]
breast_cancer,4,relu,0.9577464788732394,0.6408450704225352,[]
digits-35,0,tree,0.967032967032967,0.5384615384615384,[]
digits-35,0,linear,1.0,0.5274725274725275,[]
digits-35,0,relu,0.978021978021978,0.5494505494505495,[]
digits-35,1,tree,0.9120879120879121,0.5714285714285714,[]
digits-35,1,linear,0.967032967032967,0.5384615384615384,[]
digits-35,1,relu,0.978021978021978,0.5274725274725275,[]
digits-35,2,tree,0.945054945054945,0.5164835164835165,[]
digits-35,2,linear,1.0,0.5274725274725275,[]
digits-35,2,relu,1.0,0.5274725274725275,[]
digits-35,3,tree,0.9560439560439561,0.5164835164835165,[]
digits-35,3,linear,0.989010989010989,0.5274725274725275,[]
digits-35,3,relu,0.978021978021978,0.5164835164835165,[]
digits-35,4,tree,0.989010989010989,0.5054945054945055,[]
digits-35,4,linear,0.989010989010989,0.5054945054945055,[]
digits-35,4,relu,1.0,0.5164835164835165,[]
synthetic_d8,0,tree,0.8,0.6,[]
synthetic_d8,0,linear,0.856,0.504,[]
synthetic_d8,0,relu,0.872,0.52,"[""Stochastic Optimizer: Maximum iterations (1500) reached and the optimization hasn't converged yet.""]"
synthetic_d8,1,tree,0.808,0.544,[]
synthetic_d8,1,linear,0.864,0.544,[]
synthetic_d8,1,relu,0.864,0.52,"[""Stochastic Optimizer: Maximum iterations (1500) reached and the optimization hasn't converged yet.""]"
synthetic_d8,2,tree,0.8,0.536,[]
synthetic_d8,2,linear,0.776,0.6,[]
synthetic_d8,2,relu,0.904,0.504,"[""Stochastic Optimizer: Maximum iterations (1500) reached and the optimization hasn't converged yet.""]"
synthetic_d8,3,tree,0.84,0.52,[]
synthetic_d8,3,linear,0.88,0.544,[]
synthetic_d8,3,relu,0.936,0.52,"[""Stochastic Optimizer: Maximum iterations (1500) reached and the optimization hasn't converged yet.""]"
synthetic_d8,4,tree,0.848,0.512,[]
synthetic_d8,4,linear,0.8,0.536,[]
synthetic_d8,4,relu,0.872,0.552,"[""Stochastic Optimizer: Maximum iterations (1500) reached and the optimization hasn't converged yet.""]"
synthetic_d20,0,tree,0.795,0.55,[]
synthetic_d20,0,linear,0.85,0.525,[]
synthetic_d20,0,relu,0.87,0.535,[]
synthetic_d20,1,tree,0.695,0.555,[]
synthetic_d20,1,linear,0.86,0.51,[]
synthetic_d20,1,relu,0.855,0.555,[]
synthetic_d20,2,tree,0.77,0.515,[]
synthetic_d20,2,linear,0.82,0.535,[]
synthetic_d20,2,relu,0.9,0.545,[]
synthetic_d20,3,tree,0.805,0.505,[]
synthetic_d20,3,linear,0.88,0.53,[]
synthetic_d20,3,relu,0.905,0.525,[]
synthetic_d20,4,tree,0.765,0.52,[]
synthetic_d20,4,linear,0.85,0.525,[]
synthetic_d20,4,relu,0.895,0.52,[]
synthetic_d50,0,tree,0.664,0.532,[]
synthetic_d50,0,linear,0.82,0.536,[]
synthetic_d50,0,relu,0.856,0.516,[]
synthetic_d50,1,tree,0.728,0.5,[]
synthetic_d50,1,linear,0.856,0.556,[]
synthetic_d50,1,relu,0.904,0.5,[]
synthetic_d50,2,tree,0.74,0.5,[]
synthetic_d50,2,linear,0.844,0.516,[]
synthetic_d50,2,relu,0.916,0.508,[]
synthetic_d50,3,tree,0.676,0.508,[]
synthetic_d50,3,linear,0.824,0.512,[]
synthetic_d50,3,relu,0.86,0.524,[]
synthetic_d50,4,tree,0.704,0.508,[]
synthetic_d50,4,linear,0.84,0.54,[]
synthetic_d50,4,relu,0.86,0.528,[]
synthetic_lowsep,0,tree,0.66,0.595,[]
synthetic_lowsep,0,linear,0.665,0.5,[]
synthetic_lowsep,0,relu,0.86,0.505,[]
synthetic_lowsep,1,tree,0.685,0.51,[]
synthetic_lowsep,1,linear,0.69,0.545,[]
synthetic_lowsep,1,relu,0.895,0.52,[]
synthetic_lowsep,2,tree,0.72,0.595,[]
synthetic_lowsep,2,linear,0.645,0.52,[]
synthetic_lowsep,2,relu,0.845,0.51,[]
synthetic_lowsep,3,tree,0.72,0.53,[]
synthetic_lowsep,3,linear,0.67,0.51,[]
synthetic_lowsep,3,relu,0.845,0.525,[]
synthetic_lowsep,4,tree,0.67,0.545,[]
synthetic_lowsep,4,linear,0.615,0.51,[]
synthetic_lowsep,4,relu,0.86,0.555,"[""Stochastic Optimizer: Maximum iterations (1500) reached and the optimization hasn't converged yet.""]"
banknote,0,tree,0.9912536443148688,0.5626822157434402,[]
banknote,0,linear,0.9766763848396501,0.5422740524781341,[]
banknote,0,relu,1.0,0.5597667638483965,[]
banknote,1,tree,0.9825072886297376,0.5510204081632653,[]
banknote,1,linear,0.9737609329446064,0.5364431486880467,[]
banknote,1,relu,1.0,0.5626822157434402,[]
banknote,2,tree,0.9766763848396501,0.577259475218659,[]
banknote,2,linear,0.9766763848396501,0.5364431486880467,[]
banknote,2,relu,1.0,0.5597667638483965,[]
banknote,3,tree,0.9708454810495627,0.5510204081632653,[]
banknote,3,linear,0.9854227405247813,0.5422740524781341,[]
banknote,3,relu,1.0,0.5568513119533528,[]
banknote,4,tree,0.9854227405247813,0.5568513119533528,[]
banknote,4,linear,0.9766763848396501,0.5364431486880467,[]
banknote,4,relu,1.0,0.5597667638483965,[]
blood,0,tree,0.6951871657754011,0.7379679144385026,[]
blood,0,linear,0.7700534759358288,0.9411764705882353,[]
blood,0,relu,0.7967914438502673,0.8181818181818182,"[""Stochastic Optimizer: Maximum iterations (1500) reached and the optimization hasn't converged yet.""]"
blood,1,tree,0.7112299465240641,0.7219251336898396,[]
blood,1,linear,0.7807486631016043,0.9625668449197861,[]
blood,1,relu,0.7058823529411765,0.7700534759358288,"[""Stochastic Optimizer: Maximum iterations (1500) reached and the optimization hasn't converged yet.""]"
blood,2,tree,0.6844919786096256,0.786096256684492,[]
blood,2,linear,0.7967914438502673,0.983957219251337,[]
blood,2,relu,0.8128342245989305,0.8716577540106952,"[""Stochastic Optimizer: Maximum iterations (1500) reached and the optimization hasn't converged yet.""]"
blood,3,tree,0.6737967914438503,0.8556149732620321,[]
blood,3,linear,0.7754010695187166,0.9679144385026738,[]
blood,3,relu,0.7967914438502673,0.839572192513369,"[""Stochastic Optimizer: Maximum iterations (1500) reached and the optimization hasn't converged yet.""]"
blood,4,tree,0.679144385026738,0.7379679144385026,[]
blood,4,linear,0.786096256684492,0.9518716577540107,[]
blood,4,relu,0.8074866310160428,0.8663101604278075,"[""Stochastic Optimizer: Maximum iterations (1500) reached and the optimization hasn't converged yet.""]"
diabetes,0,tree,0.671875,0.6979166666666666,[]
diabetes,0,linear,0.796875,0.6979166666666666,[]
diabetes,0,relu,0.6822916666666666,0.5833333333333334,"[""Stochastic Optimizer: Maximum iterations (1500) reached and the optimization hasn't converged yet.""]"
diabetes,1,tree,0.6979166666666666,0.7291666666666666,[]
diabetes,1,linear,0.7864583333333334,0.765625,[]
diabetes,1,relu,0.71875,0.65625,"[""Stochastic Optimizer: Maximum iterations (1500) reached and the optimization hasn't converged yet.""]"
diabetes,2,tree,0.796875,0.7135416666666666,[]
diabetes,2,linear,0.765625,0.7760416666666666,[]
diabetes,2,relu,0.703125,0.7552083333333334,"[""Stochastic Optimizer: Maximum iterations (1500) reached and the optimization hasn't converged yet.""]"
diabetes,3,tree,0.6875,0.7447916666666666,[]
diabetes,3,linear,0.7552083333333334,0.7291666666666666,[]
diabetes,3,relu,0.71875,0.703125,"[""Stochastic Optimizer: Maximum iterations (1500) reached and the optimization hasn't converged yet.""]"
diabetes,4,tree,0.75,0.6770833333333334,[]
diabetes,4,linear,0.8125,0.75,[]
diabetes,4,relu,0.7760416666666666,0.6510416666666666,"[""Stochastic Optimizer: Maximum iterations (1500) reached and the optimization hasn't converged yet.""]"
ionosphere,0,tree,0.8068181818181818,0.625,[]
ionosphere,0,linear,0.8522727272727273,0.6704545454545454,[]
ionosphere,0,relu,0.8522727272727273,0.6931818181818182,[]
ionosphere,1,tree,0.8522727272727273,0.5568181818181818,[]
ionosphere,1,linear,0.8409090909090909,0.7727272727272727,[]
ionosphere,1,relu,0.875,0.7386363636363636,[]
ionosphere,2,tree,0.8977272727272727,0.6590909090909091,[]
ionosphere,2,linear,0.8522727272727273,0.75,[]
ionosphere,2,relu,0.8977272727272727,0.75,[]
ionosphere,3,tree,0.8522727272727273,0.7840909090909091,[]
ionosphere,3,linear,0.8295454545454546,0.7386363636363636,[]
ionosphere,3,relu,0.8409090909090909,0.7272727272727273,[]
ionosphere,4,tree,0.875,0.6590909090909091,[]
ionosphere,4,linear,0.875,0.7272727272727273,[]
ionosphere,4,relu,0.9204545454545454,0.6818181818181818,[]
sonar,0,tree,0.8076923076923077,0.6538461538461539,[]
sonar,0,linear,0.7307692307692307,0.6923076923076923,[]
sonar,0,relu,0.8269230769230769,0.6346153846153846,[]
sonar,1,tree,0.8269230769230769,0.5384615384615384,[]
sonar,1,linear,0.7884615384615384,0.5384615384615384,[]
sonar,1,relu,0.8653846153846154,0.5769230769230769,[]
sonar,2,tree,0.6153846153846154,0.5576923076923077,[]
sonar,2,linear,0.7884615384615384,0.5384615384615384,[]
sonar,2,relu,0.8076923076923077,0.5961538461538461,[]
sonar,3,tree,0.7692307692307693,0.6346153846153846,[]
sonar,3,linear,0.8461538461538461,0.5192307692307693,[]
sonar,3,relu,0.8461538461538461,0.5192307692307693,[]
sonar,4,tree,0.6153846153846154,0.6153846153846154,[]
sonar,4,linear,0.6538461538461539,0.6923076923076923,[]
sonar,4,relu,0.6923076923076923,0.7307692307692307,[]
internet-ads,0,tree,0.9658536585365853,0.8731707317073171,[]
internet-ads,0,linear,0.9682926829268292,0.8658536585365854,[]
internet-ads,1,tree,0.9719512195121951,0.8719512195121951,[]
internet-ads,1,linear,0.9658536585365853,0.8634146341463415,[]
internet-ads,2,tree,0.9646341463414634,0.8792682926829268,[]
internet-ads,2,linear,0.9719512195121951,0.8768292682926829,[]
internet-ads,3,tree,0.9585365853658536,0.8817073170731707,[]
internet-ads,3,linear,0.9621951219512195,0.875609756097561,[]
internet-ads,4,tree,0.9573170731707317,0.8682926829268293,[]
internet-ads,4,linear,0.9524390243902439,0.8731707317073171,[]
